epoch,loss
0.016666666666666666,3465.667724609375
0.03333333333333333,3375.7431640625
0.05,3483.833251953125
0.06666666666666667,3490.623291015625
0.08333333333333333,3423.81005859375
0.1,3555.609619140625
0.11666666666666667,3565.375
0.13333333333333333,3777.286865234375
0.15,3793.1572265625
0.16666666666666666,3632.912109375
0.18333333333333332,3470.881103515625
0.2,3738.164794921875
0.21666666666666667,3635.62841796875
0.23333333333333334,3424.6708984375
0.25,3599.85546875
0.26666666666666666,3590.724365234375
0.2833333333333333,3321.088623046875
0.3,3651.17822265625
0.31666666666666665,3489.754150390625
0.3333333333333333,3330.754150390625
0.35,3257.500244140625
0.36666666666666664,3445.966552734375
0.38333333333333336,3168.933349609375
0.4,3629.939208984375
0.4166666666666667,3323.921142578125
0.43333333333333335,3561.160400390625
0.45,3376.0869140625
0.4666666666666667,3384.7685546875
0.48333333333333334,3485.013671875
0.5,3247.02880859375
0.5166666666666667,3353.084716796875
0.5333333333333333,3260.84033203125
0.55,3070.616455078125
0.5666666666666667,3294.07470703125
0.5833333333333334,3550.5234375
0.6,3077.19091796875
0.6166666666666667,3246.626708984375
0.6333333333333333,3252.85009765625
0.65,3326.56591796875
0.6666666666666666,3285.401611328125
0.6833333333333333,3079.51708984375
0.7,3021.008544921875
0.7166666666666667,3151.1650390625
0.7333333333333333,3007.708740234375
0.75,3156.263671875
0.7666666666666667,3003.8369140625
0.7833333333333333,3070.95458984375
0.8,2911.278076171875
0.8166666666666667,2906.739990234375
0.8333333333333334,3070.198974609375
0.85,3254.5341796875
0.8666666666666667,3299.8662109375
0.8833333333333333,2891.824951171875
0.9,3102.833984375
0.9166666666666666,2969.279541015625
0.9333333333333333,3056.6123046875
0.95,3234.8662109375
0.9666666666666667,2898.9052734375
0.9833333333333333,3316.6875
1.0,3339.75927734375
1.0166666666666666,2931.4033203125
1.0333333333333334,2824.58837890625
1.05,2890.725830078125
1.0666666666666667,2913.06396484375
1.0833333333333333,2883.22802734375
1.1,2952.50732421875
1.1166666666666667,3010.806396484375
1.1333333333333333,3198.348388671875
1.15,3211.754150390625
1.1666666666666667,3082.823974609375
1.1833333333333333,2905.101806640625
1.2,3148.2158203125
1.2166666666666668,3064.53662109375
1.2333333333333334,2824.519287109375
1.25,3001.248779296875
1.2666666666666666,3022.5498046875
1.2833333333333332,2786.533935546875
1.3,3038.78125
1.3166666666666667,2901.673095703125
1.3333333333333333,2774.559814453125
1.35,2700.927490234375
1.3666666666666667,2880.3701171875
1.3833333333333333,2607.510009765625
1.4,3038.57177734375
1.4166666666666667,2743.281005859375
1.4333333333333333,2985.0400390625
1.45,2798.78466796875
1.4666666666666668,2814.7109375
1.4833333333333334,2892.773681640625
1.5,2666.823486328125
1.5166666666666666,2760.96533203125
1.5333333333333332,2698.510009765625
1.55,2525.468017578125
1.5666666666666667,2725.9892578125
1.5833333333333335,2951.052734375
1.6,2525.31640625
1.6166666666666667,2675.74853515625
1.6333333333333333,2697.19677734375
1.65,2734.013427734375
1.6666666666666665,2688.31494140625
1.6833333333333333,2526.5888671875
1.7,2452.11279296875
1.7166666666666668,2580.5146484375
1.7333333333333334,2428.830078125
1.75,2577.208740234375
1.7666666666666666,2405.017578125
1.7833333333333332,2471.41015625
1.8,2334.375244140625
1.8166666666666667,2329.1259765625
1.8333333333333335,2459.024658203125
1.85,2625.622802734375
1.8666666666666667,2668.905517578125
1.8833333333333333,2300.3828125
1.9,2478.09716796875
1.9166666666666665,2344.726318359375
1.9333333333333333,2420.760009765625
1.95,2576.698974609375
1.9666666666666668,2268.636474609375
1.9833333333333334,2630.7158203125
2.0,2659.078369140625
2.0166666666666666,2283.181884765625
2.033333333333333,2178.248779296875
2.05,2223.099609375
2.066666666666667,2245.773681640625
2.0833333333333335,2213.95654296875
2.1,2263.691650390625
2.1166666666666667,2299.540283203125
2.1333333333333333,2463.63623046875
2.15,2464.175537109375
2.1666666666666665,2341.595458984375
2.183333333333333,2186.28076171875
2.2,2381.809326171875
2.216666666666667,2306.0927734375
2.2333333333333334,2081.56591796875
2.25,2227.059814453125
2.2666666666666666,2235.2177734375
2.283333333333333,2025.4736328125
2.3,2229.46630859375
2.3166666666666664,2104.057861328125
2.3333333333333335,1987.392822265625
2.35,1919.4422607421875
2.3666666666666667,2061.691162109375
2.3833333333333333,1819.473388671875
2.4,2173.19580078125
2.4166666666666665,1912.8792724609375
2.4333333333333336,2105.99755859375
2.45,1944.0772705078125
2.466666666666667,1945.433349609375
2.4833333333333334,1999.2125244140625
2.5,1809.1290283203125
2.5166666666666666,1872.611083984375
2.533333333333333,1813.618408203125
2.55,1667.3763427734375
2.5666666666666664,1816.3465576171875
2.5833333333333335,1991.282958984375
2.6,1637.430419921875
2.6166666666666667,1748.4329833984375
2.6333333333333333,1758.4149169921875
2.65,1777.2640380859375
2.6666666666666665,1728.3543701171875
2.6833333333333336,1597.5845947265625
2.7,1528.4951171875
2.716666666666667,1619.9205322265625
2.7333333333333334,1489.9775390625
2.75,1598.1807861328125
2.7666666666666666,1455.5146484375
2.783333333333333,1495.8004150390625
2.8,1387.8189697265625
2.8166666666666664,1375.499267578125
2.8333333333333335,1464.6607666015625
2.85,1581.3944091796875
2.8666666666666667,1606.8349609375
2.8833333333333333,1323.969482421875
2.9,1443.7081298828125
2.9166666666666665,1333.9437255859375
2.9333333333333336,1386.404296875
2.95,1499.361328125
2.966666666666667,1256.479736328125
2.9833333333333334,1518.6732177734375
3.0,1537.3873291015625
3.0166666666666666,1248.7535400390625
3.033333333333333,1166.4266357421875
3.05,1194.0794677734375
3.066666666666667,1201.6416015625
3.0833333333333335,1180.1734619140625
3.1,1196.892822265625
3.1166666666666667,1224.945068359375
3.1333333333333333,1330.195068359375
3.15,1324.084228515625
3.1666666666666665,1231.8614501953125
3.183333333333333,1115.9156494140625
3.2,1240.3380126953125
3.216666666666667,1188.976806640625
3.2333333333333334,1024.999755859375
3.25,1119.1424560546875
3.2666666666666666,1120.5146484375
3.283333333333333,975.9259033203125
3.3,1109.645263671875
3.3166666666666664,1010.059326171875
3.3333333333333335,930.6080932617188
3.35,885.8945922851562
3.3666666666666667,966.7369384765625
3.3833333333333333,807.78369140625
3.4,1041.4071044921875
3.4166666666666665,866.2130737304688
3.4333333333333336,987.3077392578125
3.45,882.718994140625
3.466666666666667,870.6535034179688
3.4833333333333334,902.6887817382812
3.5,781.8009643554688
3.5166666666666666,814.7505493164062
3.533333333333333,770.57958984375
3.55,686.7933349609375
3.5666666666666664,767.5293579101562
3.5833333333333335,874.2767333984375
3.6,658.7090454101562
3.6166666666666667,714.4578857421875
3.6333333333333333,724.1138916015625
3.65,735.1884155273438
3.6666666666666665,701.2158813476562
3.6833333333333336,622.4758911132812
3.7,581.7301635742188
3.716666666666667,627.6912231445312
3.7333333333333334,554.0274047851562
3.75,607.84765625
3.7666666666666666,526.0504760742188
3.783333333333333,548.3572998046875
3.8,491.087646484375
3.8166666666666664,479.9718017578125
3.8333333333333335,540.988037109375
3.85,598.4180297851562
3.8666666666666667,610.0648193359375
3.8833333333333333,462.3598937988281
3.9,507.50164794921875
3.9166666666666665,450.7294006347656
3.9333333333333336,484.9143371582031
3.95,545.7237548828125
3.966666666666667,408.463623046875
3.9833333333333334,553.5147094726562
4.0,578.8038330078125
4.016666666666667,413.51959228515625
4.033333333333333,368.8580322265625
4.05,389.755126953125
4.066666666666666,387.0032958984375
4.083333333333333,386.9998779296875
4.1,380.4252014160156
4.116666666666666,412.9625244140625
4.133333333333334,458.471923828125
4.15,453.3174133300781
4.166666666666667,413.4619445800781
4.183333333333334,351.301513671875
4.2,408.4924011230469
4.216666666666667,389.97784423828125
4.233333333333333,313.4782409667969
4.25,355.2329406738281
4.266666666666667,362.16156005859375
4.283333333333333,303.35797119140625
4.3,359.64208984375
4.316666666666666,303.5250549316406
4.333333333333333,270.43377685546875
4.35,257.2646484375
4.366666666666666,286.0396728515625
4.383333333333334,222.0860595703125
4.4,335.2472839355469
4.416666666666667,262.4847412109375
4.433333333333334,315.33367919921875
4.45,273.6088562011719
4.466666666666667,258.434326171875
4.483333333333333,278.3826599121094
4.5,229.96287536621094
4.516666666666667,239.64466857910156
4.533333333333333,217.18263244628906
4.55,197.0125732421875
4.566666666666666,225.19247436523438
4.583333333333333,270.9151306152344
4.6,189.4370880126953
4.616666666666667,198.7908172607422
4.633333333333333,215.95513916015625
4.65,225.2251434326172
4.666666666666667,209.8687744140625
4.683333333333334,180.38198852539062
4.7,169.20030212402344
4.716666666666667,179.7317657470703
4.733333333333333,155.22698974609375
4.75,172.22506713867188
4.766666666666667,145.72793579101562
4.783333333333333,149.52886962890625
4.8,137.75582885742188
4.816666666666666,136.44691467285156
4.833333333333333,167.1576385498047
4.85,182.98016357421875
4.866666666666667,190.89492797851562
4.883333333333333,146.8755340576172
4.9,143.14183044433594
4.916666666666667,129.23385620117188
4.933333333333334,149.1944122314453
4.95,172.48989868164062
4.966666666666667,118.36966705322266
4.983333333333333,174.5850372314453
5.0,203.88124084472656
5.016666666666667,132.8342742919922
5.033333333333333,119.58491516113281
5.05,128.0414276123047
5.066666666666666,127.30690002441406
5.083333333333333,140.4626007080078
5.1,116.9482192993164
5.116666666666666,152.09072875976562
5.133333333333334,161.0658416748047
5.15,155.35208129882812
5.166666666666667,152.35874938964844
5.183333333333334,126.1900863647461
5.2,138.63027954101562
5.216666666666667,142.49151611328125
5.233333333333333,122.07461547851562
5.25,129.2364501953125
5.266666666666667,140.23606872558594
5.283333333333333,131.5832061767578
5.3,139.97708129882812
5.316666666666666,111.01903533935547
5.333333333333333,104.78733825683594
5.35,110.33505249023438
5.366666666666666,108.25543212890625
5.383333333333334,96.9692153930664
5.4,138.97390747070312
5.416666666666667,122.55632019042969
5.433333333333334,133.6776123046875
5.45,128.1697540283203
5.466666666666667,112.06383514404297
5.483333333333333,121.72900390625
5.5,114.70882415771484
5.516666666666667,110.72462463378906
5.533333333333333,94.33751678466797
5.55,108.96538543701172
5.566666666666666,107.32323455810547
5.583333333333333,119.57420349121094
5.6,107.58758544921875
5.616666666666667,91.9444808959961
5.633333333333333,108.05158233642578
5.65,116.45120239257812
5.666666666666667,107.68267059326172
5.683333333333334,103.65776824951172
5.7,101.78881072998047
5.716666666666667,96.72028350830078
5.733333333333333,93.61093139648438
5.75,92.84684753417969
5.766666666666667,87.38368225097656
5.783333333333333,84.22486114501953
5.8,91.0087890625
5.816666666666666,91.19532012939453
5.833333333333333,105.45281982421875
5.85,102.12223815917969
5.866666666666667,106.7764663696289
5.883333333333333,104.7188491821289
5.9,82.4294204711914
5.916666666666667,82.4607162475586
5.933333333333334,94.17897033691406
5.95,101.17989349365234
5.966666666666667,79.42662048339844
5.983333333333333,99.19160461425781
6.0,127.5772705078125
6.016666666666667,91.26155090332031
6.033333333333333,89.24710083007812
6.05,93.79237365722656
6.066666666666666,89.21868133544922
6.083333333333333,105.79348754882812
6.1,80.38558197021484
6.116666666666666,106.79104614257812
6.133333333333334,104.34178161621094
6.15,100.24674224853516
6.166666666666667,106.2834701538086
6.183333333333334,92.24693298339844
6.2,90.01748657226562
6.216666666666667,99.34915924072266
6.233333333333333,94.27835845947266
6.25,92.438232421875
6.266666666666667,101.43741607666016
6.283333333333333,106.72830200195312
6.3,99.95088958740234
6.316666666666666,82.14207458496094
6.333333333333333,83.1195297241211
6.35,92.76905059814453
6.366666666666666,81.19661712646484
6.383333333333334,85.64521789550781
6.4,103.18386840820312
6.416666666666667,102.57072448730469
6.433333333333334,101.9371566772461
6.45,104.65081787109375
6.466666666666667,88.59922790527344
6.483333333333333,94.60432434082031
6.5,99.81432342529297
6.516666666666667,91.38346862792969
6.533333333333333,77.00762939453125
6.55,98.97758483886719
6.566666666666666,88.53861236572266
6.583333333333333,92.19798278808594
6.6,97.99351501464844
6.616666666666667,76.420654296875
6.633333333333333,89.29607391357422
6.65,96.70477294921875
6.666666666666667,90.2752914428711
6.683333333333334,92.57455444335938
6.7,90.79336547851562
6.716666666666667,83.31240844726562
6.733333333333333,85.59346771240234
6.75,79.97286987304688
6.766666666666667,78.43053436279297
6.783333333333333,74.92304992675781
6.8,85.13760375976562
6.816666666666666,85.36200714111328
6.833333333333333,93.16985321044922
6.85,86.761962890625
6.866666666666667,89.48085021972656
6.883333333333333,95.68325805664062
6.9,72.73995208740234
6.916666666666667,74.04450225830078
6.933333333333334,80.9047622680664
6.95,86.46865844726562
6.966666666666667,71.31988525390625
6.983333333333333,81.75263977050781
7.0,109.38351440429688
7.016666666666667,81.53546905517578
7.033333333333333,80.50678253173828
7.05,85.46701049804688
7.066666666666666,80.43709564208984
7.083333333333333,94.58649444580078
7.1,71.89311981201172
7.116666666666666,93.60493469238281
7.133333333333334,89.06953430175781
7.15,85.98894500732422
7.166666666666667,94.616943359375
7.183333333333334,81.76793670654297
7.2,78.08367919921875
7.216666666666667,87.81867218017578
7.233333333333333,83.69491577148438
7.25,82.74144744873047
7.266666666666667,90.69731140136719
7.283333333333333,96.89856719970703
7.3,89.31444549560547
7.316666666666666,73.81123352050781
7.333333333333333,76.93696594238281
7.35,85.9375228881836
7.366666666666666,73.48983764648438
7.383333333333334,81.11693572998047
7.4,93.97037506103516
7.416666666666667,93.98267364501953
7.433333333333334,90.41705322265625
7.45,95.39669036865234
7.466666666666667,80.7808837890625
7.483333333333333,83.9731674194336
7.5,93.595703125
7.516666666666667,85.97994995117188
7.533333333333333,68.30748748779297
7.55,92.12401580810547
7.566666666666666,81.8544692993164
7.583333333333333,83.57294464111328
7.6,90.39032745361328
7.616666666666667,72.05319213867188
7.633333333333333,82.02896118164062
7.65,87.9906005859375
7.666666666666667,82.96753692626953
7.683333333333334,88.86158752441406
7.7,84.7127685546875
7.716666666666667,76.52588653564453
7.733333333333333,80.64524841308594
7.75,74.66598510742188
7.766666666666667,73.60291290283203
7.783333333333333,69.35401916503906
7.8,82.69549560546875
7.816666666666666,81.49901580810547
7.833333333333333,83.5501708984375
7.85,80.52018737792969
7.866666666666667,83.16561889648438
7.883333333333333,87.70101165771484
7.9,67.07112121582031
7.916666666666667,69.7166976928711
7.933333333333334,72.4886703491211
7.95,78.24665069580078
7.966666666666667,66.54814910888672
7.983333333333333,75.02919006347656
8.0,99.40937805175781
8.016666666666667,74.96757507324219
8.033333333333333,74.95375061035156
8.05,77.6240234375
8.066666666666666,74.35187530517578
8.083333333333334,87.16618347167969
8.1,65.58415222167969
8.116666666666667,86.1346664428711
8.133333333333333,82.22505187988281
8.15,79.0811996459961
8.166666666666666,87.89566040039062
8.183333333333334,76.22003173828125
8.2,72.76788330078125
8.216666666666667,80.34697723388672
8.233333333333333,78.0882568359375
8.25,77.27593231201172
8.266666666666667,84.70096588134766
8.283333333333333,89.82575225830078
8.3,82.20553588867188
8.316666666666666,68.3631362915039
8.333333333333334,70.53376770019531
8.35,80.01648712158203
8.366666666666667,68.84083557128906
8.383333333333333,75.44398498535156
8.4,86.22868347167969
8.416666666666666,88.18116760253906
8.433333333333334,81.26158905029297
8.45,87.14718627929688
8.466666666666667,75.23979187011719
8.483333333333333,77.33662414550781
8.5,85.66252899169922
8.516666666666667,80.00201416015625
8.533333333333333,62.59920883178711
8.55,84.5867691040039
8.566666666666666,75.86747741699219
8.583333333333334,78.6520767211914
8.6,83.70500183105469
8.616666666666667,65.73675537109375
8.633333333333333,76.85172271728516
8.65,82.81941986083984
8.666666666666666,76.41175079345703
8.683333333333334,82.4499282836914
8.7,80.18201446533203
8.716666666666667,71.91883087158203
8.733333333333333,74.30845642089844
8.75,70.59829711914062
8.766666666666667,70.56922912597656
8.783333333333333,64.42719268798828
8.8,77.6100845336914
8.816666666666666,78.14778137207031
8.833333333333334,76.4045181274414
8.85,73.9720230102539
8.866666666666667,78.97406768798828
8.883333333333333,82.4869613647461
8.9,62.087677001953125
8.916666666666666,65.53179168701172
8.933333333333334,67.58184051513672
8.95,73.15516662597656
8.966666666666667,63.07564163208008
8.983333333333333,70.56438446044922
9.0,93.00631713867188
9.016666666666667,69.55838775634766
9.033333333333333,70.34147644042969
9.05,72.94529724121094
9.066666666666666,69.8357162475586
9.083333333333334,81.82616424560547
9.1,62.14784622192383
9.116666666666667,80.49884033203125
9.133333333333333,77.15296173095703
9.15,74.66561889648438
9.166666666666666,82.81368255615234
9.183333333333334,72.2082748413086
9.2,68.46732330322266
9.216666666666667,75.03921508789062
9.233333333333333,73.4013671875
9.25,72.70345306396484
9.266666666666667,79.61565399169922
9.283333333333333,84.2331771850586
9.3,76.08503723144531
9.316666666666666,64.35894775390625
9.333333333333334,66.53948211669922
9.35,75.17268371582031
9.366666666666667,65.07062530517578
9.383333333333333,71.45661926269531
9.4,81.39103698730469
9.416666666666666,83.2386474609375
9.433333333333334,76.0494155883789
9.45,81.44988250732422
9.466666666666667,70.51111602783203
9.483333333333333,72.61063385009766
9.5,80.55626678466797
9.516666666666667,74.89793395996094
9.533333333333333,59.10454559326172
9.55,79.67147827148438
9.566666666666666,71.15640258789062
9.583333333333334,74.36115264892578
9.6,79.00591278076172
9.616666666666667,61.68620300292969
9.633333333333333,72.5319595336914
9.65,78.23723602294922
9.666666666666666,71.9523696899414
9.683333333333334,77.12673950195312
9.7,75.72823333740234
9.716666666666667,68.10871124267578
9.733333333333333,70.05686950683594
9.75,66.76840209960938
9.766666666666667,67.02308654785156
9.783333333333333,61.01567077636719
9.8,73.20922088623047
9.816666666666666,74.264404296875
9.833333333333334,71.64791107177734
9.85,69.21593475341797
9.866666666666667,75.23851013183594
9.883333333333333,78.19883728027344
9.9,58.70930862426758
9.916666666666666,62.03383255004883
9.933333333333334,63.6331672668457
9.95,69.43870544433594
9.966666666666667,60.2096061706543
9.983333333333333,66.93685913085938
10.0,87.99430847167969
10.016666666666667,65.51974487304688
10.033333333333333,66.54864501953125
10.05,69.2354507446289
10.066666666666666,66.08248901367188
10.083333333333334,77.42084503173828
10.1,59.2805290222168
10.116666666666667,75.68070220947266
10.133333333333333,72.88156127929688
10.15,71.22847747802734
10.166666666666666,78.66304779052734
10.183333333333334,68.90228271484375
10.2,65.18669128417969
10.216666666666667,70.8825912475586
10.233333333333333,69.42573547363281
10.25,69.04019165039062
10.266666666666667,75.38275146484375
10.283333333333333,79.64115142822266
10.3,71.3885498046875
10.316666666666666,61.05069351196289
10.333333333333334,63.28397750854492
10.35,71.1380844116211
10.366666666666667,62.051876068115234
10.383333333333333,68.0708236694336
10.4,77.52825927734375
10.416666666666666,79.18083190917969
10.433333333333334,71.75859832763672
10.45,76.94560241699219
10.466666666666667,67.01085662841797
10.483333333333333,68.87335968017578
10.5,76.35105895996094
10.516666666666667,70.89059448242188
10.533333333333333,56.21290969848633
10.55,75.57424926757812
10.566666666666666,67.34485626220703
10.583333333333334,70.8619155883789
10.6,75.23126220703125
10.616666666666667,58.568843841552734
10.633333333333333,68.96484375
10.65,74.17251586914062
10.666666666666666,68.41510009765625
10.683333333333334,73.01092529296875
10.7,72.04118347167969
10.716666666666667,64.92607116699219
10.733333333333333,66.76016998291016
10.75,63.623191833496094
10.766666666666667,63.87470245361328
10.783333333333333,58.246517181396484
10.8,69.42840576171875
10.816666666666666,70.77301025390625
10.833333333333334,67.8052749633789
10.85,65.36604309082031
10.866666666666667,71.85296630859375
10.883333333333333,74.55410766601562
10.9,55.78200149536133
10.916666666666666,59.03679275512695
10.933333333333334,60.42441177368164
10.95,66.37812042236328
10.966666666666667,57.79529571533203
10.983333333333333,63.915592193603516
11.0,83.90036010742188
11.016666666666667,62.17060470581055
11.033333333333333,63.32608413696289
11.05,65.9844741821289
11.066666666666666,62.934749603271484
11.083333333333334,73.67062377929688
11.1,56.722591400146484
11.116666666666667,71.67323303222656
11.133333333333333,69.5079345703125
11.15,68.32394409179688
11.166666666666666,75.28532409667969
11.183333333333334,66.08011627197266
11.2,62.47887420654297
11.216666666666667,67.45821380615234
11.233333333333333,66.06979370117188
11.25,65.93173217773438
11.266666666666667,71.68653106689453
11.283333333333333,75.77792358398438
11.3,67.50399780273438
11.316666666666666,58.21170425415039
11.333333333333334,60.33864212036133
11.35,67.70015716552734
11.366666666666667,59.2985725402832
11.383333333333333,65.33255767822266
11.4,74.05652618408203
11.416666666666666,75.35084533691406
11.433333333333334,68.24258422851562
11.45,73.07988739013672
11.466666666666667,63.802818298339844
11.483333333333333,65.34587860107422
11.5,72.75631713867188
11.516666666666667,67.07907104492188
11.533333333333333,53.553367614746094
11.55,72.1045913696289
11.566666666666666,64.21483612060547
11.583333333333334,67.55687713623047
11.6,71.82199096679688
11.616666666666667,55.7198371887207
11.633333333333333,65.69470977783203
11.65,70.53878784179688
11.666666666666666,64.93305969238281
11.683333333333334,69.03946685791016
11.7,68.5711441040039
11.716666666666667,61.99168395996094
11.733333333333333,63.820674896240234
11.75,60.752323150634766
11.766666666666667,60.79012680053711
11.783333333333333,55.885318756103516
11.8,66.20638275146484
11.816666666666666,67.5094223022461
11.833333333333334,64.62318420410156
11.85,62.34339904785156
11.866666666666667,68.78314971923828
11.883333333333333,71.3133544921875
11.9,53.21236801147461
11.916666666666666,56.37648010253906
11.933333333333334,57.712608337402344
11.95,63.64983367919922
11.966666666666667,55.538482666015625
11.983333333333333,61.31747055053711
12.0,80.35983276367188
12.016666666666667,59.37311553955078
12.033333333333333,60.44838333129883
12.05,63.12956237792969
12.066666666666666,60.097537994384766
12.083333333333334,70.2953872680664
12.1,54.42903518676758
12.116666666666667,68.11646270751953
12.133333333333333,66.5416488647461
12.15,65.84388732910156
12.166666666666666,72.331298828125
12.183333333333334,63.54254150390625
12.2,60.2017936706543
12.216666666666667,64.65350341796875
12.233333333333333,63.152713775634766
12.25,63.25519943237305
12.266666666666667,68.55335998535156
12.283333333333333,72.28766632080078
12.3,64.39466094970703
12.316666666666666,55.792789459228516
12.333333333333334,57.705074310302734
12.35,64.8257064819336
12.366666666666667,56.95136642456055
12.383333333333333,62.86903381347656
12.4,71.01221466064453
12.416666666666666,72.04458618164062
12.433333333333334,65.17958068847656
12.45,69.87300872802734
12.466666666666667,61.1475830078125
12.483333333333333,62.53071975708008
12.5,69.87451934814453
12.516666666666667,63.772216796875
12.533333333333333,51.35240173339844
12.55,69.16018676757812
12.566666666666666,61.476165771484375
12.583333333333334,64.75323486328125
12.6,68.97494506835938
12.616666666666667,53.39228057861328
12.633333333333333,62.8519172668457
12.65,67.33422088623047
12.666666666666666,62.08534240722656
12.683333333333334,65.86128997802734
12.7,65.46491241455078
12.716666666666667,59.275142669677734
12.733333333333333,61.48430252075195
12.75,58.22342300415039
12.766666666666667,58.093624114990234
12.783333333333333,53.91603469848633
12.8,63.36642074584961
12.816666666666666,64.55616760253906
12.833333333333334,61.9231071472168
12.85,59.784000396728516
12.866666666666667,66.07884979248047
12.883333333333333,68.57413482666016
12.9,51.02499771118164
12.916666666666666,54.1380500793457
12.933333333333334,55.48847579956055
12.95,61.30033493041992
12.966666666666667,53.50626754760742
12.983333333333333,59.14315414428711
13.0,77.3824234008789
13.016666666666667,56.9729118347168
13.033333333333333,57.99970626831055
13.05,60.591285705566406
13.066666666666666,57.62486267089844
13.083333333333334,67.32090759277344
13.1,52.387874603271484
13.116666666666667,65.06195831298828
13.133333333333333,64.06929016113281
13.15,63.75566864013672
13.166666666666666,69.72685241699219
13.183333333333334,61.20750045776367
13.2,58.20920944213867
13.216666666666667,62.219112396240234
13.233333333333333,60.596675872802734
13.25,60.923458099365234
13.266666666666667,65.85667419433594
13.283333333333333,69.1904067993164
13.3,61.851898193359375
13.316666666666666,53.68352508544922
13.333333333333334,55.33449172973633
13.35,62.34284210205078
13.366666666666667,54.891448974609375
13.383333333333333,60.705902099609375
13.4,68.20158386230469
13.416666666666666,69.06069946289062
13.433333333333334,62.54833984375
13.45,67.01461791992188
13.466666666666667,58.89622497558594
13.483333333333333,60.170143127441406
13.5,67.21173095703125
13.516666666666667,60.979042053222656
13.533333333333333,49.48121643066406
13.55,66.69363403320312
13.566666666666666,59.032920837402344
13.583333333333334,62.35801696777344
13.6,66.549072265625
13.616666666666667,51.43703079223633
13.633333333333333,60.42223358154297
13.65,64.59196472167969
13.666666666666666,59.565277099609375
13.683333333333334,63.22345733642578
13.7,62.90773391723633
13.716666666666667,57.052459716796875
13.733333333333333,59.33262252807617
13.75,56.05392074584961
13.766666666666667,56.00072479248047
13.783333333333333,52.24818420410156
13.8,60.6525764465332
13.816666666666666,62.32048034667969
13.833333333333334,59.591976165771484
13.85,57.63786315917969
13.866666666666667,63.85587692260742
13.883333333333333,66.27501678466797
13.9,49.1528434753418
13.916666666666666,52.21139907836914
13.933333333333334,53.497520446777344
13.95,59.32560729980469
13.966666666666667,51.74532699584961
13.983333333333333,57.296897888183594
14.0,74.8572006225586
14.016666666666667,54.97486877441406
14.033333333333333,55.81196594238281
14.05,58.37648391723633
14.066666666666666,55.537109375
14.083333333333334,64.6561508178711
14.1,50.61891174316406
14.116666666666667,62.34977722167969
14.133333333333333,61.97311782836914
14.15,61.99454116821289
14.166666666666666,67.43133544921875
14.183333333333334,59.07869338989258
14.2,56.45233154296875
14.216666666666667,60.14735412597656
14.233333333333333,58.33115005493164
14.25,58.94050979614258
14.266666666666667,63.518985748291016
14.283333333333333,66.44061279296875
14.3,59.7522087097168
14.316666666666666,51.93440628051758
14.333333333333334,53.353416442871094
14.35,60.16154098510742
14.366666666666667,53.03358840942383
14.383333333333333,58.89605712890625
14.4,65.92339324951172
14.416666666666666,66.44662475585938
14.433333333333334,60.30632019042969
14.45,64.59442138671875
14.466666666666667,56.973018646240234
14.483333333333333,58.09763717651367
14.5,64.9400405883789
14.516666666666667,58.521934509277344
14.533333333333333,47.89088439941406
14.55,64.6610336303711
14.566666666666666,56.944114685058594
14.583333333333334,60.352169036865234
14.6,64.45535278320312
14.616666666666667,49.811485290527344
14.633333333333333,58.34581756591797
14.65,62.2529182434082
14.666666666666666,57.39933395385742
14.683333333333334,60.941650390625
14.7,60.788082122802734
14.716666666666667,55.1198844909668
14.733333333333333,57.52109146118164
14.75,54.23387145996094
14.766666666666667,54.30709457397461
14.783333333333333,50.81795883178711
14.8,58.722618103027344
14.816666666666666,60.26543045043945
14.833333333333334,57.61309051513672
14.85,55.813507080078125
14.866666666666667,61.80492401123047
14.883333333333333,64.28849792480469
14.9,47.45615005493164
14.916666666666666,50.51457595825195
14.933333333333334,51.816951751708984
14.95,57.62931823730469
14.966666666666667,50.18224334716797
14.983333333333333,55.67530822753906
15.0,72.64518737792969
15.016666666666667,53.22694396972656
15.033333333333333,53.98431396484375
15.05,56.464515686035156
15.066666666666666,53.73209762573242
15.083333333333334,62.30967712402344
15.1,49.09825897216797
15.116666666666667,59.902984619140625
15.133333333333333,60.12523651123047
15.15,60.51671600341797
15.166666666666666,65.41280364990234
15.183333333333334,57.14189910888672
15.2,54.924720764160156
15.216666666666667,58.34353256225586
15.233333333333333,56.37065887451172
15.25,57.205684661865234
15.266666666666667,61.47833251953125
15.283333333333333,64.06288146972656
15.3,57.83304977416992
15.316666666666666,50.41863250732422
15.333333333333334,51.63247299194336
15.35,58.20618438720703
15.366666666666667,51.3819580078125
15.383333333333333,57.31039047241211
15.4,63.83129119873047
15.416666666666666,64.12432861328125
15.433333333333334,58.42366027832031
15.45,62.455543518066406
15.466666666666667,55.27595520019531
15.483333333333333,56.297176361083984
15.5,62.85660171508789
15.516666666666667,56.3865852355957
15.533333333333333,46.57769775390625
15.55,62.846866607666016
15.566666666666666,55.09903335571289
15.583333333333334,58.58042526245117
15.6,62.66499328613281
15.616666666666667,48.382347106933594
15.633333333333333,56.503658294677734
15.65,60.17985916137695
15.666666666666666,55.531150817871094
15.683333333333334,58.9177131652832
15.7,58.83072280883789
15.716666666666667,53.396244049072266
15.733333333333333,55.89581298828125
15.75,52.595333099365234
15.766666666666667,52.721675872802734
15.783333333333333,49.562992095947266
15.8,56.91310119628906
15.816666666666666,58.272850036621094
15.833333333333334,55.8929328918457
15.85,54.213645935058594
15.866666666666667,59.962974548339844
15.883333333333333,62.560333251953125
15.9,46.011451721191406
15.916666666666666,48.99823760986328
15.933333333333334,50.2934684753418
15.95,56.16326904296875
15.966666666666667,48.75749969482422
15.983333333333333,54.2037239074707
16.0,70.70548248291016
16.016666666666666,51.656742095947266
16.033333333333335,52.3564453125
16.05,54.72985076904297
16.066666666666666,52.164676666259766
16.083333333333332,60.27879333496094
16.1,47.78838348388672
16.116666666666667,57.781288146972656
16.133333333333333,58.46563720703125
16.15,59.20687484741211
16.166666666666668,63.69978332519531
16.183333333333334,55.459877014160156
16.2,53.513084411621094
16.216666666666665,56.69084167480469
16.233333333333334,54.645118713378906
16.25,55.68640899658203
16.266666666666666,59.66996765136719
16.283333333333335,61.995059967041016
16.3,56.21983337402344
16.316666666666666,49.08487319946289
16.333333333333332,50.118125915527344
16.35,56.503883361816406
16.366666666666667,49.9430046081543
16.383333333333333,55.93466567993164
16.4,61.961524963378906
16.416666666666668,62.08169937133789
16.433333333333334,56.82568359375
16.45,60.531883239746094
16.466666666666665,53.81472396850586
16.483333333333334,54.7320556640625
16.5,60.99420928955078
16.516666666666666,54.46211242675781
16.533333333333335,45.498477935791016
16.55,61.294517517089844
16.566666666666666,53.493247985839844
16.583333333333332,57.01019287109375
16.6,61.08942413330078
16.616666666666667,47.19862365722656
16.633333333333333,54.880767822265625
16.65,58.33864974975586
16.666666666666668,53.95311737060547
16.683333333333334,57.10544204711914
16.7,57.153438568115234
16.716666666666665,51.8557243347168
16.733333333333334,54.53446960449219
16.75,51.177818298339844
16.766666666666666,51.41564178466797
16.783333333333335,48.43736267089844
16.8,55.242088317871094
16.816666666666666,56.54899978637695
16.833333333333332,54.392269134521484
16.85,52.789344787597656
16.866666666666667,58.33134078979492
16.883333333333333,61.02705383300781
16.9,44.748741149902344
16.916666666666668,47.695560455322266
16.933333333333334,48.953941345214844
16.95,54.902584075927734
16.966666666666665,47.50052261352539
16.983333333333334,52.97810745239258
17.0,69.02190399169922
17.016666666666666,50.26057815551758
17.033333333333335,50.92708206176758
17.05,53.1716423034668
17.066666666666666,50.76533889770508
17.083333333333332,58.422149658203125
17.1,46.606483459472656
17.116666666666667,55.89297103881836
17.133333333333333,56.953369140625
17.15,58.041568756103516
17.166666666666668,62.13764572143555
17.183333333333334,53.905601501464844
17.2,52.2725830078125
17.216666666666665,55.23181915283203
17.233333333333334,53.174278259277344
17.25,54.339717864990234
17.266666666666666,58.03915023803711
17.283333333333335,60.200767517089844
17.3,54.72904968261719
17.316666666666666,47.88557815551758
17.333333333333332,48.723724365234375
17.35,54.98434066772461
17.366666666666667,48.63133239746094
17.383333333333333,54.718135833740234
17.4,60.239830017089844
17.416666666666668,60.29369354248047
17.433333333333334,55.365509033203125
17.45,58.87997817993164
17.466666666666665,52.495357513427734
17.483333333333334,53.34792709350586
17.5,59.28787612915039
17.516666666666666,52.79340744018555
17.533333333333335,44.54143524169922
17.55,59.8270378112793
17.566666666666666,52.03507995605469
17.583333333333332,55.60700225830078
17.6,59.66090774536133
17.616666666666667,46.137908935546875
17.633333333333333,53.40320587158203
17.65,56.702884674072266
17.666666666666668,52.601783752441406
17.683333333333334,55.473358154296875
17.7,55.596920013427734
17.716666666666665,50.49161911010742
17.733333333333334,53.25720977783203
17.75,49.9147834777832
17.766666666666666,50.222938537597656
17.783333333333335,47.412940979003906
17.8,53.6158561706543
17.816666666666666,54.97525405883789
17.833333333333332,52.9370002746582
17.85,51.43074035644531
17.866666666666667,56.93819808959961
17.883333333333333,59.613616943359375
17.9,43.61166000366211
17.916666666666668,46.51991653442383
17.933333333333334,47.711997985839844
17.95,53.780311584472656
17.966666666666665,46.39101791381836
17.983333333333334,51.93486404418945
18.0,67.51786041259766
18.016666666666666,49.0600471496582
18.033333333333335,49.67268371582031
18.05,51.738285064697266
18.066666666666666,49.52659225463867
18.083333333333332,56.788551330566406
18.1,45.5543098449707
18.116666666666667,54.206214904785156
18.133333333333333,55.590145111083984
18.15,56.99302673339844
18.166666666666668,60.6998176574707
18.183333333333334,52.50767517089844
18.2,51.13759231567383
18.216666666666665,53.92332458496094
18.233333333333334,51.85829162597656
18.25,53.162437438964844
18.266666666666666,56.57706832885742
18.283333333333335,58.68472671508789
18.3,53.44554901123047
18.316666666666666,46.799434661865234
18.333333333333332,47.40846633911133
18.35,53.66021728515625
18.366666666666667,47.49180221557617
18.383333333333333,53.57065200805664
18.4,58.69474411010742
18.416666666666668,58.738407135009766
18.433333333333334,54.00957489013672
18.45,57.27735900878906
18.466666666666665,51.30824279785156
18.483333333333334,52.1187629699707
18.5,57.71711730957031
18.516666666666666,51.221466064453125
18.533333333333335,43.73343276977539
18.55,58.524658203125
18.566666666666666,50.72306823730469
18.583333333333332,54.367027282714844
18.6,58.343143463134766
18.616666666666667,45.18316650390625
18.633333333333333,52.14105987548828
18.65,55.20891571044922
18.666666666666668,51.32182693481445
18.683333333333334,54.01217269897461
18.7,54.30463409423828
18.716666666666665,49.279205322265625
18.733333333333334,52.03084182739258
18.75,48.834625244140625
18.766666666666666,49.231082916259766
18.783333333333335,46.49039077758789
18.8,52.22255325317383
18.816666666666666,53.62013244628906
18.833333333333332,51.6094856262207
18.85,50.2830924987793
18.866666666666667,55.70855712890625
18.883333333333333,58.37174987792969
18.9,42.635475158691406
18.916666666666668,45.47837829589844
18.933333333333334,46.65675354003906
18.95,52.78032302856445
18.966666666666665,45.3778190612793
18.983333333333334,51.104862213134766
19.0,66.16716766357422
19.016666666666666,48.010215759277344
19.033333333333335,48.479427337646484
19.05,50.45600128173828
19.066666666666666,48.391395568847656
19.083333333333332,55.30124282836914
19.1,44.616241455078125
19.116666666666667,52.66503143310547
19.133333333333333,54.391700744628906
19.15,56.04489517211914
19.166666666666668,59.37669372558594
19.183333333333334,51.25117874145508
19.2,50.12546157836914
19.216666666666665,52.77649688720703
19.233333333333334,50.64894104003906
19.25,52.117332458496094
19.266666666666666,55.195533752441406
19.283333333333335,57.323184967041016
19.3,52.25262451171875
19.316666666666666,45.824127197265625
19.333333333333332,46.244571685791016
19.35,52.46543502807617
19.366666666666667,46.39609909057617
19.383333333333333,52.51507568359375
19.4,57.235713958740234
19.416666666666668,57.30649948120117
19.433333333333334,52.72074508666992
19.45,55.81297302246094
19.466666666666665,50.10133743286133
19.483333333333334,50.97216796875
19.5,56.29576873779297
19.516666666666666,49.81760787963867
19.533333333333335,42.99028778076172
19.55,57.35016632080078
19.566666666666666,49.553009033203125
19.583333333333332,53.20293045043945
19.6,57.129150390625
19.616666666666667,44.2605094909668
19.633333333333333,51.0162239074707
19.65,53.90928268432617
19.666666666666668,50.18941879272461
19.683333333333334,52.679534912109375
19.7,53.160518646240234
19.716666666666665,48.13713455200195
19.733333333333334,50.857574462890625
19.75,47.837215423583984
19.766666666666666,48.353458404541016
19.783333333333335,45.63383865356445
19.8,51.011959075927734
19.816666666666666,52.436710357666016
19.833333333333332,50.39944076538086
19.85,49.285560607910156
19.866666666666667,54.56603240966797
19.883333333333333,57.219627380371094
19.9,41.77235412597656
19.916666666666668,44.53743362426758
19.933333333333334,45.68714141845703
19.95,51.860748291015625
19.966666666666665,44.440887451171875
19.983333333333334,50.36676025390625
20.0,64.99748992919922
20.016666666666666,47.092960357666016
20.033333333333335,47.47780227661133
20.05,49.318519592285156
20.066666666666666,47.36956024169922
20.083333333333332,53.98328399658203
20.1,43.791709899902344
20.116666666666667,51.331382751464844
20.133333333333333,53.34757995605469
20.15,55.20167922973633
20.166666666666668,58.17551040649414
20.183333333333334,50.1279411315918
20.2,49.22763442993164
20.216666666666665,51.6718635559082
20.233333333333334,49.55506896972656
20.25,51.19044876098633
20.266666666666666,53.986141204833984
20.283333333333335,56.10251998901367
20.3,51.149391174316406
20.316666666666666,44.92164611816406
20.333333333333332,45.160884857177734
20.35,51.38810729980469
20.366666666666667,45.46006774902344
20.383333333333333,51.52960205078125
20.4,55.90437698364258
20.416666666666668,56.099281311035156
20.433333333333334,51.52884292602539
20.45,54.52320098876953
20.466666666666665,49.00770568847656
20.483333333333334,49.923248291015625
20.5,55.03892135620117
20.516666666666666,48.45158386230469
20.533333333333335,42.32554626464844
20.55,56.23830795288086
20.566666666666666,48.39681625366211
20.583333333333332,52.18186569213867
20.6,55.94293212890625
20.616666666666667,43.43621826171875
20.633333333333333,49.972503662109375
20.65,52.6684684753418
20.666666666666668,49.1391487121582
20.683333333333334,51.48208236694336
20.7,52.13988494873047
20.716666666666665,47.12160873413086
20.733333333333334,49.82174301147461
20.75,47.007259368896484
20.766666666666666,47.590450286865234
20.783333333333335,44.89091873168945
20.8,49.92918014526367
20.816666666666666,51.402793884277344
20.833333333333332,49.292808532714844
20.85,48.39863967895508
20.866666666666667,53.529449462890625
20.883333333333333,56.14644241333008
20.9,41.01125717163086
20.916666666666668,43.699642181396484
20.933333333333334,44.81387710571289
20.95,50.994510650634766
20.966666666666665,43.59054183959961
20.983333333333334,49.75509262084961
21.0,63.91846466064453
21.016666666666666,46.222816467285156
21.033333333333335,46.552974700927734
21.05,48.27861404418945
21.066666666666666,46.4532585144043
21.083333333333332,52.790706634521484
21.1,43.042625427246094
21.116666666666667,50.15778732299805
21.133333333333333,52.396541595458984
21.15,54.41047286987305
21.166666666666668,57.075660705566406
21.183333333333334,49.170677185058594
21.2,48.436248779296875
21.216666666666665,50.70123291015625
21.233333333333334,48.55256271362305
21.25,50.3731689453125
21.266666666666666,52.86738967895508
21.283333333333335,55.00971603393555
21.3,50.14044189453125
21.316666666666666,44.124290466308594
21.333333333333332,44.19511032104492
21.35,50.41932678222656
21.366666666666667,44.567726135253906
21.383333333333333,50.624820709228516
21.4,54.701236724853516
21.416666666666668,54.99456024169922
21.433333333333334,50.43336868286133
21.45,53.3565559387207
21.466666666666665,48.01049041748047
21.483333333333334,48.948951721191406
21.5,53.92386245727539
21.516666666666666,47.28554153442383
21.533333333333335,41.726051330566406
21.55,55.279991149902344
21.566666666666666,47.43226623535156
21.583333333333332,51.286590576171875
21.6,54.881343841552734
21.616666666666667,42.69788360595703
21.633333333333333,49.06141662597656
21.65,51.517784118652344
21.666666666666668,48.18318557739258
21.683333333333334,50.40506362915039
21.7,51.28999328613281
21.716666666666665,46.17413330078125
21.733333333333334,48.881649017333984
21.75,46.25912857055664
21.766666666666666,46.87332534790039
21.783333333333335,44.204708099365234
21.8,48.965667724609375
21.816666666666666,50.42354202270508
21.833333333333332,48.28141784667969
21.85,47.67375183105469
21.866666666666667,52.47532272338867
21.883333333333333,55.158138275146484
21.9,40.332275390625
21.916666666666668,42.94327926635742
21.933333333333334,43.99135971069336
21.95,50.16974639892578
21.966666666666665,42.81715774536133
21.983333333333334,49.169715881347656
22.0,62.909549713134766
22.016666666666666,45.38686752319336
22.033333333333335,45.70681381225586
22.05,47.35457992553711
22.066666666666666,45.61433792114258
22.083333333333332,51.75956344604492
22.1,42.372257232666016
22.116666666666667,49.08866882324219
22.133333333333333,51.544097900390625
22.15,53.68943786621094
22.166666666666668,56.04663848876953
22.183333333333334,48.32910919189453
22.2,47.76240921020508
22.216666666666665,49.79364776611328
22.233333333333334,47.63686752319336
22.25,49.61159133911133
22.266666666666666,51.814632415771484
22.283333333333335,54.005619049072266
22.3,49.18031692504883
22.316666666666666,43.38850402832031
22.333333333333332,43.34453201293945
22.35,49.56654357910156
22.366666666666667,43.77317428588867
22.383333333333333,49.78977966308594
22.4,53.571842193603516
22.416666666666668,53.9656982421875
22.433333333333334,49.38750076293945
22.45,52.29841232299805
22.466666666666665,47.05040740966797
22.483333333333334,48.05671691894531
22.5,52.88147735595703
22.516666666666666,46.219261169433594
22.533333333333335,41.195133209228516
22.55,54.33433532714844
22.566666666666666,46.51531219482422
22.583333333333332,50.48921585083008
22.6,53.84343338012695
22.616666666666667,42.05445861816406
22.633333333333333,48.204410552978516
22.65,50.477394104003906
22.666666666666668,47.313682556152344
22.683333333333334,49.469364166259766
22.7,50.459842681884766
22.716666666666665,45.327606201171875
22.733333333333334,48.045982360839844
22.75,45.60935974121094
22.766666666666666,46.24285888671875
22.783333333333335,43.603057861328125
22.8,48.05139923095703
22.816666666666666,49.51972198486328
22.833333333333332,47.36127471923828
22.85,46.99291229248047
22.866666666666667,51.561588287353516
22.883333333333333,54.27180099487305
22.9,39.72462844848633
22.916666666666668,42.25986862182617
22.933333333333334,43.27918243408203
22.95,49.44853210449219
22.966666666666665,42.092613220214844
22.983333333333334,48.67289733886719
23.0,61.99708557128906
23.016666666666666,44.662418365478516
23.033333333333335,44.97101974487305
23.05,46.53404998779297
23.066666666666666,44.81978225708008
23.083333333333332,50.81387710571289
23.1,41.7747917175293
23.116666666666667,48.12995529174805
23.133333333333333,50.788291931152344
23.15,53.06766128540039
23.166666666666668,55.118690490722656
23.183333333333334,47.615440368652344
23.2,47.13640213012695
23.216666666666665,48.99833297729492
23.233333333333334,46.80856704711914
23.25,48.943275451660156
23.266666666666666,50.868003845214844
23.283333333333335,53.08600616455078
23.3,48.29090881347656
23.316666666666666,42.74127960205078
23.333333333333332,42.59363555908203
23.35,48.75739288330078
23.366666666666667,43.03958511352539
23.383333333333333,49.032257080078125
23.4,52.55769729614258
23.416666666666668,53.03944396972656
23.433333333333334,48.423866271972656
23.45,51.35820770263672
23.466666666666665,46.18330001831055
23.483333333333334,47.21258544921875
23.5,51.924476623535156
23.516666666666666,45.33522415161133
23.533333333333335,40.68360900878906
23.55,53.52006912231445
23.566666666666666,45.7740592956543
23.583333333333332,49.75941467285156
23.6,52.9015998840332
23.616666666666667,41.48707580566406
23.633333333333333,47.4415397644043
23.65,49.52330017089844
23.666666666666668,46.54399108886719
23.683333333333334,48.633670806884766
23.7,49.71413803100586
23.716666666666665,44.50175094604492
23.733333333333334,47.27192306518555
23.75,45.00181579589844
23.766666666666666,45.660606384277344
23.783333333333335,43.04875183105469
23.8,47.279876708984375
23.816666666666666,48.69317626953125
23.833333333333332,46.57160568237305
23.85,46.42246627807617
23.866666666666667,50.72859573364258
23.883333333333333,53.476043701171875
23.9,39.18880081176758
23.916666666666668,41.65536880493164
23.933333333333334,42.62227249145508
23.95,48.83859634399414
23.966666666666665,41.461517333984375
23.983333333333334,48.30288314819336
24.0,61.20260238647461
24.016666666666666,44.0564079284668
24.033333333333335,44.30609130859375
24.05,45.767818450927734
24.066666666666666,44.11093521118164
24.083333333333332,49.97561264038086
24.1,41.28262710571289
24.116666666666667,47.23880386352539
24.133333333333333,50.10167694091797
24.15,52.5046272277832
24.166666666666668,54.30496597290039
24.183333333333334,46.99641036987305
24.2,46.60763931274414
24.216666666666665,48.26853942871094
24.233333333333334,46.07709503173828
24.25,48.309059143066406
24.266666666666666,50.00542449951172
24.283333333333335,52.219024658203125
24.3,47.570709228515625
24.316666666666666,42.17353439331055
24.333333333333332,41.97617721557617
24.35,48.027408599853516
24.366666666666667,42.35525131225586
24.383333333333333,48.38505172729492
24.4,51.64973449707031
24.416666666666668,52.170902252197266
24.433333333333334,47.587425231933594
24.45,50.541385650634766
24.466666666666665,45.355613708496094
24.483333333333334,46.459251403808594
24.5,51.092342376708984
24.516666666666666,44.4950065612793
24.533333333333335,40.28303909301758
24.55,52.76480484008789
24.566666666666666,45.07980728149414
24.583333333333332,49.10918045043945
24.6,52.03881072998047
24.616666666666667,40.97114944458008
24.633333333333333,46.75678634643555
24.65,48.683319091796875
24.666666666666668,45.80101776123047
24.683333333333334,47.911197662353516
24.7,49.04643249511719
24.716666666666665,43.8018684387207
24.733333333333334,46.64088439941406
24.75,44.45363235473633
24.766666666666666,45.082420349121094
24.783333333333335,42.50718307495117
24.8,46.64273452758789
24.816666666666666,47.974220275878906
24.833333333333332,45.837066650390625
24.85,45.908023834228516
24.866666666666667,49.97438049316406
24.883333333333333,52.76230239868164
24.9,38.72029495239258
24.916666666666668,41.071041107177734
24.933333333333334,41.97395706176758
24.95,48.192108154296875
24.966666666666665,40.946632385253906
24.983333333333334,47.80528259277344
25.0,60.43498992919922
25.016666666666666,43.44523620605469
25.033333333333335,43.74184036254883
25.05,45.117897033691406
25.066666666666666,43.524559020996094
25.083333333333332,49.23830032348633
25.1,40.817893981933594
25.116666666666667,46.506591796875
25.133333333333333,49.510982513427734
25.15,52.010921478271484
25.166666666666668,53.56153869628906
25.183333333333334,46.42748260498047
25.2,46.12559509277344
25.216666666666665,47.62053680419922
25.233333333333334,45.40967559814453
25.25,47.75761795043945
25.266666666666666,49.223472595214844
25.283333333333335,51.49275588989258
25.3,46.910213470458984
25.316666666666666,41.67296600341797
25.333333333333332,41.429325103759766
25.35,47.34599685668945
25.366666666666667,41.78097152709961
25.383333333333333,47.7823600769043
25.4,50.838417053222656
25.416666666666668,51.403968811035156
25.433333333333334,46.78922653198242
25.45,49.83549499511719
25.466666666666665,44.65037536621094
25.483333333333334,45.78462600708008
25.5,50.397666931152344
25.516666666666666,43.79520797729492
25.533333333333335,39.89616775512695
25.55,52.06562805175781
25.566666666666666,44.511043548583984
25.583333333333332,48.5742073059082
25.6,51.309051513671875
25.616666666666667,40.54978561401367
25.633333333333333,46.124019622802734
25.65,47.92620086669922
25.666666666666668,45.16326904296875
25.683333333333334,47.226341247558594
25.7,48.41863250732422
25.716666666666665,43.18220901489258
25.733333333333334,46.034576416015625
25.75,43.95028305053711
25.766666666666666,44.61910629272461
25.783333333333335,42.068115234375
25.8,46.01811981201172
25.816666666666666,47.34567642211914
25.833333333333332,45.177589416503906
25.85,45.443843841552734
25.866666666666667,49.3382682800293
25.883333333333333,52.124183654785156
25.9,38.32721710205078
25.916666666666668,40.57883071899414
25.933333333333334,41.48026657104492
25.95,47.68648147583008
25.966666666666665,40.41848373413086
25.983333333333334,47.4793815612793
26.0,59.7286376953125
26.016666666666666,42.919944763183594
26.033333333333335,43.23442459106445
26.05,44.564022064208984
26.066666666666666,42.95582580566406
26.083333333333332,48.57509231567383
26.1,40.434017181396484
26.116666666666667,45.80744171142578
26.133333333333333,48.98085021972656
26.15,51.5782585144043
26.166666666666668,52.8852653503418
26.183333333333334,45.95990753173828
26.2,45.71455764770508
26.216666666666665,47.0181999206543
26.233333333333334,44.80961608886719
26.25,47.23623275756836
26.266666666666666,48.49781799316406
26.283333333333335,50.83118438720703
26.3,46.25312423706055
26.316666666666666,41.24820327758789
26.333333333333332,40.92728042602539
26.35,46.78129196166992
26.366666666666667,41.26079177856445
26.383333333333333,47.27251434326172
26.4,50.123802185058594
26.416666666666668,50.75503158569336
26.433333333333334,46.04010009765625
26.45,49.20053482055664
26.466666666666665,44.046409606933594
26.483333333333334,45.157108306884766
26.5,49.76930236816406
26.516666666666666,43.205352783203125
26.533333333333335,39.547035217285156
26.55,51.504241943359375
26.566666666666666,43.986385345458984
26.583333333333332,48.06496047973633
26.6,50.683433532714844
26.616666666666667,40.12602615356445
26.633333333333333,45.567787170410156
26.65,47.2768669128418
26.666666666666668,44.57947540283203
26.683333333333334,46.604461669921875
26.7,47.87316131591797
26.716666666666665,42.598323822021484
26.733333333333334,45.475608825683594
26.75,43.498958587646484
26.766666666666666,44.155242919921875
26.783333333333335,41.62514877319336
26.8,45.495574951171875
26.816666666666666,46.80009078979492
26.833333333333332,44.60665512084961
26.85,45.028717041015625
26.866666666666667,48.757389068603516
26.883333333333333,51.5203742980957
26.9,37.92466735839844
26.916666666666668,40.14992904663086
26.933333333333334,41.014705657958984
26.95,47.22031021118164
26.966666666666665,39.94655227661133
26.983333333333334,47.12471008300781
27.0,59.08981704711914
27.016666666666666,42.43031311035156
27.033333333333335,42.770442962646484
27.05,44.029266357421875
27.066666666666666,42.4388427734375
27.083333333333332,47.94677734375
27.1,40.10529708862305
27.116666666666667,45.17451858520508
27.133333333333333,48.50856018066406
27.15,51.1964225769043
27.166666666666668,52.30046081542969
27.183333333333334,45.537109375
27.2,45.3153076171875
27.216666666666665,46.49075698852539
27.233333333333334,44.29609298706055
27.25,46.78227615356445
27.266666666666666,47.82562255859375
27.283333333333335,50.232425689697266
27.3,45.66106033325195
27.316666666666666,40.84087371826172
27.333333333333332,40.52334976196289
27.35,46.23509216308594
27.366666666666667,40.783477783203125
27.383333333333333,46.79920959472656
27.4,49.4776496887207
27.416666666666668,50.14070129394531
27.433333333333334,45.41459274291992
27.45,48.60649490356445
27.466666666666665,43.47140121459961
27.483333333333334,44.60688400268555
27.5,49.18204116821289
27.516666666666666,42.666011810302734
27.533333333333335,39.229408264160156
27.55,50.96624755859375
27.566666666666666,43.496158599853516
27.583333333333332,47.59791946411133
27.6,50.0853271484375
27.616666666666667,39.7981071472168
27.633333333333333,45.08442306518555
27.65,46.67216873168945
27.666666666666668,44.07459259033203
27.683333333333334,46.08342361450195
27.7,47.35263442993164
27.716666666666665,42.11030578613281
27.733333333333334,44.989463806152344
27.75,43.09598922729492
27.766666666666666,43.73141860961914
27.783333333333335,41.224117279052734
27.8,44.97411346435547
27.816666666666666,46.29138946533203
27.833333333333332,44.071044921875
27.85,44.65513229370117
27.866666666666667,48.240150451660156
27.883333333333333,50.978851318359375
27.9,37.617576599121094
27.916666666666668,39.74180221557617
27.933333333333334,40.62065124511719
27.95,46.80550765991211
27.966666666666665,39.50938415527344
27.983333333333334,46.8610954284668
28.0,58.4642333984375
28.016666666666666,42.014381408691406
28.033333333333335,42.348114013671875
28.05,43.58574676513672
28.066666666666666,41.956382751464844
28.083333333333332,47.375450134277344
28.1,39.775146484375
28.116666666666667,44.59400177001953
28.133333333333333,48.09169387817383
28.15,50.88774108886719
28.166666666666668,51.778839111328125
28.183333333333334,45.16389083862305
28.2,44.975852966308594
28.216666666666665,46.010215759277344
28.233333333333334,43.830322265625
28.25,46.35903549194336
28.266666666666666,47.24050521850586
28.283333333333335,49.71669387817383
28.3,45.090240478515625
28.316666666666666,40.47300720214844
28.333333333333332,40.11764144897461
28.35,45.74031066894531
28.366666666666667,40.41663360595703
28.383333333333333,46.38637161254883
28.4,48.929962158203125
28.416666666666668,49.63094711303711
28.433333333333334,44.8295783996582
28.45,48.10765075683594
28.466666666666665,43.02146530151367
28.483333333333334,44.105064392089844
28.5,48.73197555541992
28.516666666666666,42.23504638671875
28.533333333333335,38.97780227661133
28.55,50.564212799072266
28.566666666666666,43.07951354980469
28.583333333333332,47.20878982543945
28.6,49.64913558959961
28.616666666666667,39.472171783447266
28.633333333333333,44.657657623291016
28.65,46.15787124633789
28.666666666666668,43.5948486328125
28.683333333333334,45.600093841552734
28.7,46.90309524536133
28.716666666666665,41.67052459716797
28.733333333333334,44.587432861328125
28.75,42.74181365966797
28.766666666666666,43.41664505004883
28.783333333333335,40.8494873046875
28.8,44.55658721923828
28.816666666666666,45.81103515625
28.833333333333332,43.636512756347656
28.85,44.32778549194336
28.866666666666667,47.70772171020508
28.883333333333333,50.45662307739258
28.9,37.33486557006836
28.916666666666668,39.367958068847656
28.933333333333334,40.23649215698242
28.95,46.51337432861328
28.966666666666665,39.159324645996094
28.983333333333334,46.66965866088867
29.0,57.931888580322266
29.016666666666666,41.622066497802734
29.033333333333335,41.93940353393555
29.05,43.13967514038086
29.066666666666666,41.53952407836914
29.083333333333332,46.85765075683594
29.1,39.4959602355957
29.116666666666667,44.05785369873047
29.133333333333333,47.72795104980469
29.15,50.61409378051758
29.166666666666668,51.32585906982422
29.183333333333334,44.81402587890625
29.2,44.662567138671875
29.216666666666665,45.576690673828125
29.233333333333334,43.400718688964844
29.25,45.97951126098633
29.266666666666666,46.64687728881836
29.283333333333335,49.23968505859375
29.3,44.54909133911133
29.316666666666666,40.116737365722656
29.333333333333332,39.77500915527344
29.35,45.292564392089844
29.366666666666667,40.05506896972656
29.383333333333333,46.004878997802734
29.4,48.3838996887207
29.416666666666668,49.18540954589844
29.433333333333334,44.26349639892578
29.45,47.640899658203125
29.466666666666665,42.682010650634766
29.483333333333334,43.66888427734375
29.5,48.32733154296875
29.516666666666666,41.89966583251953
29.533333333333335,38.72745895385742
29.55,50.21820068359375
29.566666666666666,42.76631546020508
29.583333333333332,46.8400993347168
29.6,49.252716064453125
29.616666666666667,39.20735549926758
29.633333333333333,44.222835540771484
29.65,45.71726608276367
29.666666666666668,43.21175003051758
29.683333333333334,45.14939880371094
29.7,46.47706604003906
29.716666666666665,41.25941467285156
29.733333333333334,44.16847229003906
29.75,42.405784606933594
29.766666666666666,43.116397857666016
29.783333333333335,40.522857666015625
29.8,44.16154479980469
29.816666666666666,45.420166015625
29.833333333333332,43.205318450927734
29.85,44.01092529296875
29.866666666666667,47.31471252441406
29.883333333333333,49.98539352416992
29.9,37.06174087524414
29.916666666666668,39.06647491455078
29.933333333333334,39.918888092041016
29.95,46.200645446777344
29.966666666666665,38.799560546875
29.983333333333334,46.454063415527344
30.0,57.40122604370117
30.016666666666666,41.2775993347168
30.033333333333335,41.56633758544922
30.05,42.77486801147461
30.066666666666666,41.15366744995117
30.083333333333332,46.40314865112305
30.1,39.243350982666016
30.116666666666667,43.559940338134766
30.133333333333333,47.39218521118164
30.15,50.344818115234375
30.166666666666668,50.87715148925781
30.183333333333334,44.4929084777832
30.2,44.37355422973633
30.216666666666665,45.17850875854492
30.233333333333334,42.99794387817383
30.25,45.61522674560547
30.266666666666666,46.1141471862793
30.283333333333335,48.804649353027344
30.3,44.14860916137695
30.316666666666666,39.81616973876953
30.333333333333332,39.49619674682617
30.35,44.92033386230469
30.366666666666667,39.686431884765625
30.383333333333333,45.71674346923828
30.4,47.87262725830078
30.416666666666668,48.71897888183594
30.433333333333334,43.77091979980469
30.45,47.22493362426758
30.466666666666665,42.28622817993164
30.483333333333334,43.29744338989258
30.5,47.87726593017578
30.516666666666666,41.52000045776367
30.533333333333335,38.45195388793945
30.55,49.83360290527344
30.566666666666666,42.490440368652344
30.583333333333332,46.435142517089844
30.6,48.85683059692383
30.616666666666667,39.04826354980469
30.633333333333333,43.85197448730469
30.65,45.32601547241211
30.666666666666668,42.9261589050293
30.683333333333334,44.77050018310547
30.7,46.11979675292969
30.716666666666665,40.92005157470703
30.733333333333334,43.79624557495117
30.75,42.1401252746582
30.766666666666666,42.80840301513672
30.783333333333335,40.24082565307617
30.8,43.7556037902832
30.816666666666666,45.06438446044922
30.833333333333332,42.84461975097656
30.85,43.747615814208984
30.866666666666667,46.981990814208984
30.883333333333333,49.58369064331055
30.9,36.80986022949219
30.916666666666668,38.78087615966797
30.933333333333334,39.6276741027832
30.95,45.9383430480957
30.966666666666665,38.5008659362793
30.983333333333334,46.32916259765625
31.0,56.95475387573242
31.016666666666666,40.9798698425293
31.033333333333335,41.243709564208984
31.05,42.44769287109375
31.066666666666666,40.82127380371094
31.083333333333332,45.96796798706055
31.1,38.99701690673828
31.116666666666667,43.151676177978516
31.133333333333333,47.11090850830078
31.15,50.124568939208984
31.166666666666668,50.50727462768555
31.183333333333334,44.222225189208984
31.2,44.13465881347656
31.216666666666665,44.82128143310547
31.233333333333334,42.64799880981445
31.25,45.29895782470703
31.266666666666666,45.63555145263672
31.283333333333335,48.40237045288086
31.3,43.64668273925781
31.316666666666666,39.52394485473633
31.333333333333332,39.21141052246094
31.35,44.56497573852539
31.366666666666667,39.402957916259766
31.383333333333333,45.44026184082031
31.4,47.43655776977539
31.416666666666668,48.302101135253906
31.433333333333334,43.32921600341797
31.45,46.829620361328125
31.466666666666665,42.00437545776367
31.483333333333334,42.948665618896484
31.5,47.5367431640625
31.516666666666666,41.241859436035156
31.533333333333335,38.254913330078125
31.55,49.55415725708008
31.566666666666666,42.279701232910156
31.583333333333332,46.10102844238281
31.6,48.49317932128906
31.616666666666667,38.90757369995117
31.633333333333333,43.534751892089844
31.65,44.98665237426758
31.666666666666668,42.637542724609375
31.683333333333334,44.443382263183594
31.7,45.78724670410156
31.716666666666665,40.63880920410156
31.733333333333334,43.52091979980469
31.75,41.8886833190918
31.766666666666666,42.574405670166016
31.783333333333335,39.973533630371094
31.8,43.42394256591797
31.816666666666666,44.69498825073242
31.833333333333332,42.54427719116211
31.85,43.551448822021484
31.866666666666667,46.684410095214844
31.883333333333333,49.28265380859375
31.9,36.62214660644531
31.916666666666668,38.51426696777344
31.933333333333334,39.42885208129883
31.95,45.76039123535156
31.966666666666665,38.209327697753906
31.983333333333334,46.25212478637695
32.0,56.53569412231445
32.016666666666666,40.69914627075195
32.03333333333333,40.940460205078125
32.05,42.129573822021484
32.06666666666667,40.51080322265625
32.083333333333336,45.557315826416016
32.1,38.78993225097656
32.11666666666667,42.74741744995117
32.13333333333333,46.8502197265625
32.15,49.93128204345703
32.166666666666664,50.17835998535156
32.18333333333333,43.963809967041016
32.2,43.92841339111328
32.21666666666667,44.51845169067383
32.233333333333334,42.346923828125
32.25,45.06230926513672
32.266666666666666,45.182010650634766
32.28333333333333,48.07706832885742
32.3,43.203582763671875
32.31666666666667,39.24646759033203
32.333333333333336,38.96237564086914
32.35,44.24552917480469
32.36666666666667,39.13550567626953
32.38333333333333,45.197715759277344
32.4,47.04578399658203
32.416666666666664,47.99082565307617
32.43333333333333,42.9062614440918
32.45,46.49887466430664
32.46666666666667,41.777732849121094
32.483333333333334,42.64360809326172
32.5,47.21196365356445
32.516666666666666,41.05659103393555
32.53333333333333,38.05010986328125
32.55,49.31776809692383
32.56666666666667,42.106258392333984
32.583333333333336,45.81031799316406
32.6,48.1915168762207
32.61666666666667,38.84748458862305
32.63333333333333,43.223209381103516
32.65,44.688232421875
32.666666666666664,42.48240280151367
32.68333333333333,44.156700134277344
32.7,45.530479431152344
32.71666666666667,40.404300689697266
32.733333333333334,43.24664306640625
32.75,41.689517974853516
32.766666666666666,42.33540725708008
32.78333333333333,39.758323669433594
32.8,43.09809112548828
32.81666666666667,44.361183166503906
32.833333333333336,42.299076080322266
32.85,43.393741607666016
32.86666666666667,46.450191497802734
32.88333333333333,49.02490997314453
32.9,36.49639892578125
32.916666666666664,38.270240783691406
32.93333333333333,39.2789306640625
32.95,45.642417907714844
32.96666666666667,37.970149993896484
32.983333333333334,46.24322509765625
33.0,56.206809997558594
33.016666666666666,40.4127082824707
33.03333333333333,40.66796875
33.05,41.820133209228516
33.06666666666667,40.237083435058594
33.083333333333336,45.15571594238281
33.1,38.60847473144531
33.11666666666667,42.41757583618164
33.13333333333333,46.612667083740234
33.15,49.778751373291016
33.166666666666664,49.913124084472656
33.18333333333333,43.74283218383789
33.2,43.75845718383789
33.21666666666667,44.2603874206543
33.233333333333334,42.063201904296875
33.25,44.89680862426758
33.266666666666666,44.76263427734375
33.28333333333333,47.7928581237793
33.3,42.79671859741211
33.31666666666667,39.00811004638672
33.333333333333336,38.78557586669922
33.35,43.955440521240234
33.36666666666667,38.88323211669922
33.38333333333333,45.004608154296875
33.4,46.585533142089844
33.416666666666664,47.70425033569336
33.43333333333333,42.5552864074707
33.45,46.175987243652344
33.46666666666667,41.68079376220703
33.483333333333334,42.399009704589844
33.5,46.94529342651367
33.516666666666666,41.03314971923828
33.53333333333333,37.89838790893555
33.55,49.16018295288086
33.56666666666667,42.05590057373047
33.583333333333336,45.52156066894531
33.6,47.93732833862305
33.61666666666667,38.849281311035156
33.63333333333333,42.94780349731445
33.65,44.47391128540039
33.666666666666664,42.40424346923828
33.68333333333333,43.918392181396484
33.7,45.329410552978516
33.71666666666667,40.2530517578125
33.733333333333334,43.0146598815918
33.75,41.5280876159668
33.766666666666666,42.12631607055664
33.78333333333333,39.547874450683594
33.8,42.810916900634766
33.81666666666667,44.050514221191406
33.833333333333336,42.09479904174805
33.85,43.270809173583984
33.86666666666667,46.189510345458984
33.88333333333333,48.80105209350586
33.9,36.467735290527344
33.916666666666664,38.00495147705078
33.93333333333333,39.16261672973633
33.95,45.694854736328125
33.96666666666667,37.73085403442383
33.983333333333334,46.22917556762695
34.0,55.92896270751953
34.016666666666666,40.08470916748047
34.03333333333333,40.43251037597656
34.05,41.491817474365234
34.06666666666667,39.98004150390625
34.083333333333336,44.77219772338867
34.1,38.40663146972656
34.11666666666667,42.146751403808594
34.13333333333333,46.42361068725586
34.15,49.60765838623047
34.166666666666664,49.748077392578125
34.18333333333333,43.48798370361328
34.2,43.60891342163086
34.21666666666667,44.09639358520508
34.233333333333334,41.79745864868164
34.25,44.78143310546875
34.266666666666666,44.37784957885742
34.28333333333333,47.510276794433594
34.3,42.494441986083984
34.31666666666667,38.796607971191406
34.333333333333336,38.655067443847656
34.35,43.711822509765625
34.36666666666667,38.52439880371094
34.38333333333333,44.87125778198242
34.4,46.11166763305664
34.416666666666664,47.32780838012695
34.43333333333333,42.333351135253906
34.45,45.809364318847656
34.46666666666667,41.58683395385742
34.483333333333334,42.4180793762207
34.5,46.58573913574219
34.516666666666666,41.185298919677734
34.53333333333333,37.84743881225586
34.55,48.98554229736328
34.56666666666667,42.34730529785156
34.583333333333336,45.265323638916016
34.6,47.79573440551758
34.61666666666667,39.214847564697266
34.63333333333333,42.746307373046875
34.65,44.445152282714844
34.666666666666664,42.60603332519531
34.68333333333333,43.75492858886719
34.7,45.2285270690918
34.71666666666667,40.2928466796875
34.733333333333334,42.808284759521484
34.75,41.50526428222656
34.766666666666666,41.96233367919922
34.78333333333333,39.38175964355469
34.8,42.577571868896484
34.81666666666667,43.739349365234375
34.833333333333336,42.043846130371094
34.85,43.334129333496094
34.86666666666667,45.969688415527344
34.88333333333333,48.7420654296875
34.9,36.60465621948242
34.916666666666664,37.76861572265625
34.93333333333333,39.165313720703125
34.95,46.011356353759766
34.96666666666667,37.54460525512695
34.983333333333334,46.31424331665039
35.0,55.9366340637207
35.016666666666666,39.67953872680664
35.03333333333333,40.323455810546875
35.05,41.22629165649414
35.06666666666667,39.80842590332031
35.083333333333336,44.48698043823242
35.1,38.22748565673828
35.11666666666667,41.97944259643555
35.13333333333333,46.410945892333984
35.15,49.38272476196289
35.166666666666664,49.80072784423828
35.18333333333333,43.316009521484375
35.2,43.45519256591797
35.21666666666667,44.15620040893555
35.233333333333334,41.60508728027344
35.25,44.72953414916992
35.266666666666666,44.1515998840332
35.28333333333333,47.22579574584961
35.3,42.270286560058594
35.31666666666667,38.71836471557617
35.333333333333336,38.55019760131836
35.35,43.56329345703125
35.36666666666667,38.15739440917969
35.38333333333333,44.78615951538086
35.4,45.7607536315918
35.416666666666664,46.83450698852539
35.43333333333333,42.36685562133789
35.45,45.52444076538086
35.46666666666667,41.37090301513672
35.483333333333334,43.00282669067383
35.5,46.136146545410156
35.516666666666666,41.68014144897461
35.53333333333333,38.281368255615234
35.55,48.72044372558594
35.56666666666667,43.13100814819336
35.583333333333336,45.34321975708008
35.6,47.47270584106445
35.61666666666667,40.37932586669922
35.63333333333333,43.00249099731445
35.65,44.443634033203125
35.666666666666664,43.84793472290039
35.68333333333333,44.03901672363281
35.7,45.38096618652344
35.71666666666667,41.334320068359375
35.733333333333334,42.91153335571289
35.75,41.825077056884766
35.766666666666666,42.2412223815918
35.78333333333333,39.194915771484375
35.8,42.52961730957031
35.81666666666667,43.49382400512695
35.833333333333336,42.0373420715332
35.85,44.17548370361328
35.86666666666667,45.617225646972656
35.88333333333333,48.839534759521484
35.9,37.89070129394531
35.916666666666664,37.80244445800781
35.93333333333333,39.36090087890625
35.95,48.20637512207031
35.96666666666667,38.030189514160156
35.983333333333334,46.40680694580078
36.0,57.56748580932617
36.016666666666666,39.3638916015625
36.03333333333333,40.47821044921875
36.05,42.098758697509766
36.06666666666667,40.00796890258789
36.083333333333336,44.48681640625
36.1,38.61129379272461
36.11666666666667,42.09522247314453
36.13333333333333,47.085289001464844
36.15,49.41361618041992
36.166666666666664,49.828712463378906
36.18333333333333,43.86465835571289
36.2,43.5467414855957
36.21666666666667,44.065067291259766
36.233333333333334,42.36587905883789
36.25,44.22781753540039
36.266666666666666,44.03684997558594
36.28333333333333,47.7773323059082
36.3,42.79413986206055
36.31666666666667,38.83491897583008
36.333333333333336,39.4257926940918
36.35,43.44198226928711
36.36666666666667,38.298011779785156
36.38333333333333,45.18414306640625
36.4,45.66157531738281
36.416666666666664,46.68137741088867
36.43333333333333,41.703834533691406
36.45,45.75690841674805
36.46666666666667,40.194366455078125
36.483333333333334,42.57775115966797
36.5,46.40843200683594
36.516666666666666,39.653141021728516
36.53333333333333,38.84375762939453
36.55,48.357933044433594
36.56666666666667,41.555660247802734
36.583333333333336,46.89627456665039
36.6,46.83060073852539
36.61666666666667,40.15289306640625
36.63333333333333,47.033409118652344
36.65,43.636207580566406
36.666666666666664,45.51453399658203
36.68333333333333,50.23001480102539
36.7,45.755069732666016
36.71666666666667,44.716060638427734
36.733333333333334,48.79637145996094
36.75,41.349884033203125
36.766666666666666,44.44398498535156
36.78333333333333,41.8558349609375
36.8,42.73799133300781
36.81666666666667,45.3157958984375
36.833333333333336,42.74262619018555
36.85,44.065528869628906
36.86666666666667,47.62842559814453
36.88333333333333,48.98061752319336
36.9,38.380859375
36.916666666666664,42.90464401245117
36.93333333333333,40.841712951660156
36.95,48.12794876098633
36.96666666666667,44.97856903076172
36.983333333333334,49.72330093383789
37.0,57.21417999267578
37.016666666666666,46.349876403808594
37.03333333333333,46.238609313964844
37.05,42.85578918457031
37.06666666666667,45.00923538208008
37.083333333333336,51.86244583129883
37.1,39.48398208618164
37.11666666666667,44.32707595825195
37.13333333333333,49.76265335083008
37.15,51.701316833496094
37.166666666666664,49.83759307861328
37.18333333333333,45.39491653442383
37.2,45.22271728515625
37.21666666666667,44.610618591308594
37.233333333333334,42.65034484863281
37.25,46.08924102783203
37.266666666666666,44.557586669921875
37.28333333333333,47.81233215332031
37.3,42.67587661743164
37.31666666666667,38.7380256652832
37.333333333333336,39.00698471069336
37.35,43.5442008972168
37.36666666666667,38.204124450683594
37.38333333333333,45.0765266418457
37.4,45.92995071411133
37.416666666666664,46.58598327636719
37.43333333333333,42.165184020996094
37.45,45.88508224487305
37.46666666666667,40.53635787963867
37.483333333333334,42.67491149902344
37.5,46.905921936035156
37.516666666666666,40.422542572021484
37.53333333333333,38.10165023803711
37.55,49.2691535949707
37.56666666666667,41.62577438354492
37.583333333333336,46.47136306762695
37.6,49.703861236572266
37.61666666666667,38.293643951416016
37.63333333333333,45.935752868652344
37.65,50.05107498168945
37.666666666666664,41.82071304321289
37.68333333333333,50.91666793823242
37.7,54.9970588684082
37.71666666666667,41.798240661621094
37.733333333333334,47.456783294677734
37.75,50.786258697509766
37.766666666666666,48.84038543701172
37.78333333333333,40.32564926147461
37.8,53.1812629699707
37.81666666666667,55.310787200927734
37.833333333333336,42.58608627319336
37.85,46.5048713684082
37.86666666666667,53.3690185546875
37.88333333333333,49.9539909362793
37.9,36.85419464111328
37.916666666666664,39.30939865112305
37.93333333333333,41.294734954833984
37.95,48.01302719116211
37.96666666666667,39.110965728759766
37.983333333333334,46.77687454223633
38.0,58.010032653808594
38.016666666666666,42.19158935546875
38.03333333333333,42.09840393066406
38.05,42.96747589111328
38.06666666666667,41.512290954589844
38.083333333333336,47.36354446411133
38.1,40.343101501464844
38.11666666666667,43.40898513793945
38.13333333333333,47.589683532714844
38.15,51.50819396972656
38.166666666666664,53.03337097167969
38.18333333333333,44.79315185546875
38.2,44.37835693359375
38.21666666666667,46.56059265136719
38.233333333333334,44.56346130371094
38.25,44.976192474365234
38.266666666666666,44.296546936035156
38.28333333333333,49.03492736816406
38.3,46.565185546875
38.31666666666667,40.17366027832031
38.333333333333336,39.11134338378906
38.35,45.799739837646484
38.36666666666667,41.52080154418945
38.38333333333333,45.650142669677734
38.4,46.222049713134766
38.416666666666664,50.6511344909668
38.43333333333333,46.20161819458008
38.45,46.24573516845703
38.46666666666667,41.60466766357422
38.483333333333334,47.03031539916992
38.5,49.9589958190918
38.516666666666666,39.817718505859375
38.53333333333333,38.677486419677734
38.55,53.46139144897461
38.56666666666667,43.658843994140625
38.583333333333336,45.33169174194336
38.6,51.229026794433594
38.61666666666667,42.816837310791016
38.63333333333333,43.502769470214844
38.65,47.67476272583008
38.666666666666664,47.67678451538086
38.68333333333333,45.54854202270508
38.7,48.355918884277344
38.71666666666667,45.81112289428711
38.733333333333334,47.23513412475586
38.75,42.852386474609375
38.766666666666666,46.310264587402344
38.78333333333333,45.990360260009766
38.8,45.37845993041992
38.81666666666667,45.385528564453125
38.833333333333336,47.56991195678711
38.85,52.469482421875
38.86666666666667,47.92299270629883
38.88333333333333,49.19328308105469
38.9,45.417476654052734
38.916666666666664,50.738441467285156
38.93333333333333,44.80526351928711
38.95,46.771018981933594
38.96666666666667,46.62596893310547
38.983333333333334,58.97616958618164
39.0,64.82624816894531
39.016666666666666,41.164974212646484
39.03333333333333,48.588836669921875
39.05,59.4404182434082
39.06666666666667,49.096126556396484
39.083333333333336,45.75146484375
39.1,42.59325408935547
39.11666666666667,61.281593322753906
39.13333333333333,60.63050842285156
39.15,53.50491714477539
39.166666666666664,52.717342376708984
39.18333333333333,52.49330520629883
39.2,58.38362503051758
39.21666666666667,52.71761703491211
39.233333333333334,46.16157913208008
39.25,46.92375183105469
39.266666666666666,53.22691345214844
39.28333333333333,57.999603271484375
39.3,46.67194366455078
39.31666666666667,40.635108947753906
39.333333333333336,44.22072982788086
39.35,48.347835540771484
39.36666666666667,41.800315856933594
39.38333333333333,46.78518295288086
39.4,49.33548355102539
39.416666666666664,50.32815170288086
39.43333333333333,44.456424713134766
39.45,47.01710891723633
39.46666666666667,41.2032356262207
39.483333333333334,43.51219940185547
39.5,48.48478317260742
39.516666666666666,41.80039978027344
39.53333333333333,38.09846115112305
39.55,48.905601501464844
39.56666666666667,41.56908416748047
39.583333333333336,46.444801330566406
39.6,47.210018157958984
39.61666666666667,38.237831115722656
39.63333333333333,43.076904296875
39.65,45.84543228149414
39.666666666666664,42.50894546508789
39.68333333333333,44.770538330078125
39.7,46.703575134277344
39.71666666666667,42.09150695800781
39.733333333333334,44.25010299682617
39.75,42.48929214477539
39.766666666666666,43.69070816040039
39.78333333333333,41.740726470947266
39.8,45.4766960144043
39.81666666666667,45.813682556152344
39.833333333333336,41.89995193481445
39.85,47.368675231933594
39.86666666666667,50.68822479248047
39.88333333333333,50.75373840332031
39.9,36.02307891845703
39.916666666666664,42.47714614868164
39.93333333333333,48.252872467041016
39.95,49.74674987792969
39.96666666666667,38.18827438354492
39.983333333333334,47.49284362792969
40.0,62.76463317871094
40.016666666666666,47.17405700683594
40.03333333333333,40.51869201660156
40.05,43.11336135864258
40.06666666666667,45.158226013183594
40.083333333333336,50.666866302490234
40.1,41.65478515625
40.11666666666667,41.77315139770508
40.13333333333333,49.71835708618164
40.15,55.872379302978516
40.166666666666664,53.608421325683594
40.18333333333333,44.44087219238281
40.2,44.710044860839844
40.21666666666667,46.968257904052734
40.233333333333334,46.93062210083008
40.25,47.20180130004883
40.266666666666666,44.12688064575195
40.28333333333333,48.23481369018555
40.3,44.67661666870117
40.31666666666667,40.859466552734375
40.333333333333336,40.02750778198242
40.35,43.87775802612305
40.36666666666667,38.3409423828125
40.38333333333333,45.761234283447266
40.4,46.77297592163086
40.416666666666664,48.68070983886719
40.43333333333333,42.624141693115234
40.45,45.984432220458984
40.46666666666667,40.515228271484375
40.483333333333334,43.7305908203125
40.5,49.2794303894043
40.516666666666666,41.975040435791016
40.53333333333333,37.73320770263672
40.55,48.767112731933594
40.56666666666667,43.03234100341797
40.583333333333336,47.095802307128906
40.6,46.916404724121094
40.61666666666667,37.64178466796875
40.63333333333333,43.00617218017578
40.65,44.86220169067383
40.666666666666664,41.39120101928711
40.68333333333333,43.98672866821289
40.7,45.24097442626953
40.71666666666667,40.280147552490234
40.733333333333334,42.594032287597656
40.75,41.72184371948242
40.766666666666666,43.13968276977539
40.78333333333333,39.77902603149414
40.8,43.59342575073242
40.81666666666667,45.126583099365234
40.833333333333336,41.601585388183594
40.85,45.31375503540039
40.86666666666667,48.2672004699707
40.88333333333333,49.6433219909668
40.9,35.59825897216797
40.916666666666664,40.478607177734375
40.93333333333333,44.65553283691406
40.95,48.70840835571289
40.96666666666667,38.09524154663086
40.983333333333334,46.02482604980469
41.0,59.03700256347656
41.016666666666666,44.94917678833008
41.03333333333333,40.55611801147461
41.05,41.76654052734375
41.06666666666667,42.08624267578125
41.083333333333336,47.96361541748047
41.1,40.97419357299805
41.11666666666667,41.35602951049805
41.13333333333333,47.57428741455078
41.15,52.541107177734375
41.166666666666664,51.665184020996094
41.18333333333333,44.53950119018555
41.2,43.68952178955078
41.21666666666667,44.31740951538086
41.233333333333334,44.1060905456543
41.25,46.02906799316406
41.266666666666666,44.131717681884766
41.28333333333333,47.058040618896484
41.3,42.65290832519531
41.31666666666667,39.34750747680664
41.333333333333336,39.563541412353516
41.35,43.833274841308594
41.36666666666667,37.91436767578125
41.38333333333333,44.904335021972656
41.4,45.569374084472656
41.416666666666664,48.14234161376953
41.43333333333333,42.649417877197266
41.45,46.18315124511719
41.46666666666667,39.936607360839844
41.483333333333334,42.69340133666992
41.5,48.939849853515625
41.516666666666666,42.34535217285156
41.53333333333333,38.44390106201172
41.55,48.12187957763672
41.56666666666667,41.85486602783203
41.583333333333336,47.16841125488281
41.6,47.27931594848633
41.61666666666667,37.69842529296875
41.63333333333333,42.29755401611328
41.65,44.50676727294922
41.666666666666664,41.25660705566406
41.68333333333333,43.870521545410156
41.7,45.344364166259766
41.71666666666667,40.56520462036133
41.733333333333334,42.35024642944336
41.75,41.42081069946289
41.766666666666666,43.46916198730469
41.78333333333333,40.27885437011719
41.8,43.597347259521484
41.81666666666667,44.903709411621094
41.833333333333336,41.592708587646484
41.85,45.70305633544922
41.86666666666667,48.460750579833984
41.88333333333333,49.994407653808594
41.9,35.6310920715332
41.916666666666664,40.40610885620117
41.93333333333333,44.63591766357422
41.95,49.30288314819336
41.96666666666667,38.42143249511719
41.983333333333334,45.8366584777832
42.0,58.00643539428711
42.016666666666666,44.70470428466797
42.03333333333333,41.01896667480469
42.05,41.67715072631836
42.06666666666667,40.81690216064453
42.083333333333336,46.94684982299805
42.1,40.9633674621582
42.11666666666667,41.58437728881836
42.13333333333333,46.618160247802734
42.15,50.881290435791016
42.166666666666664,50.65449142456055
42.18333333333333,44.741477966308594
42.2,43.29972457885742
42.21666666666667,43.32304763793945
42.233333333333334,42.63480758666992
42.25,45.475921630859375
42.266666666666666,44.374542236328125
42.28333333333333,46.93702697753906
42.3,41.8297004699707
42.31666666666667,38.43987274169922
42.333333333333336,39.19849395751953
42.35,44.10773468017578
42.36666666666667,38.14054870605469
42.38333333333333,44.71044158935547
42.4,44.938018798828125
42.416666666666664,47.730918884277344
42.43333333333333,42.78653335571289
42.45,47.02265167236328
42.46666666666667,40.1316032409668
42.483333333333334,41.904701232910156
42.5,48.39910125732422
42.516666666666666,42.935874938964844
42.53333333333333,39.687957763671875
42.55,48.1136474609375
42.56666666666667,40.71644973754883
42.583333333333336,46.95104217529297
42.6,48.042335510253906
42.61666666666667,38.446842193603516
42.63333333333333,42.14158248901367
42.65,44.384517669677734
42.666666666666664,41.202152252197266
42.68333333333333,44.117923736572266
42.7,45.98499298095703
42.71666666666667,41.645084381103516
42.733333333333334,42.468563079833984
42.75,41.11040115356445
42.766666666666666,43.70335006713867
42.78333333333333,41.23018264770508
42.8,44.28572082519531
42.81666666666667,45.03354263305664
42.833333333333336,41.64658737182617
42.85,45.80982208251953
42.86666666666667,48.93675994873047
42.88333333333333,51.34896469116211
42.9,36.10246276855469
42.916666666666664,39.88800811767578
42.93333333333333,43.856964111328125
42.95,50.11443328857422
42.96666666666667,39.42405700683594
42.983333333333334,46.055511474609375
43.0,56.61591339111328
43.016666666666666,43.880191802978516
43.03333333333333,41.60055160522461
43.05,42.30026626586914
43.06666666666667,40.032615661621094
43.083333333333336,45.689849853515625
43.1,40.46046829223633
43.11666666666667,42.11009979248047
43.13333333333333,46.363529205322266
43.15,49.58745193481445
43.166666666666664,49.532840728759766
43.18333333333333,44.51909255981445
43.2,43.299076080322266
43.21666666666667,43.296409606933594
43.233333333333334,41.673011779785156
43.25,44.512596130371094
43.266666666666666,44.05458450317383
43.28333333333333,47.298824310302734
43.3,41.80946731567383
43.31666666666667,37.82653045654297
43.333333333333336,38.52009963989258
43.35,43.849395751953125
43.36666666666667,38.418914794921875
43.38333333333333,45.10795974731445
43.4,44.949432373046875
43.416666666666664,46.85488510131836
43.43333333333333,42.2106819152832
43.45,47.62444305419922
43.46666666666667,40.98077392578125
43.483333333333334,41.441349029541016
43.5,47.077667236328125
43.516666666666666,42.44308853149414
43.53333333333333,40.58675003051758
43.55,48.696044921875
43.56666666666667,40.24643325805664
43.583333333333336,46.033607482910156
43.6,47.96365737915039
43.61666666666667,39.2055778503418
43.63333333333333,43.117916107177734
43.65,44.78163146972656
43.666666666666664,41.00898361206055
43.68333333333333,43.989383697509766
43.7,46.58345031738281
43.71666666666667,43.37080764770508
43.733333333333334,43.475433349609375
43.75,41.001792907714844
43.766666666666666,43.2144660949707
43.78333333333333,41.88045883178711
43.8,45.513492584228516
43.81666666666667,46.14101028442383
43.833333333333336,41.996337890625
43.85,45.35554885864258
43.86666666666667,48.812355041503906
43.88333333333333,52.98276901245117
43.9,37.53513717651367
43.916666666666664,39.874107360839844
43.93333333333333,42.054866790771484
43.95,49.57932662963867
43.96666666666667,40.47136688232422
43.983333333333334,47.52611541748047
44.0,56.20801544189453
44.016666666666666,42.46482467651367
44.03333333333333,41.3458366394043
44.05,43.005760192871094
44.06666666666667,40.3580436706543
44.083333333333336,45.20042419433594
44.1,39.55400848388672
44.11666666666667,42.03571701049805
44.13333333333333,46.306251525878906
44.15,49.517337799072266
44.166666666666664,49.4598274230957
44.18333333333333,43.85969924926758
44.2,43.172874450683594
44.21666666666667,43.50940704345703
44.233333333333334,41.42635726928711
44.25,43.978946685791016
44.266666666666666,43.53318405151367
44.28333333333333,47.41490173339844
44.3,41.9447021484375
44.31666666666667,38.00458908081055
44.333333333333336,38.421348571777344
44.35,43.4366569519043
44.36666666666667,38.14006042480469
44.38333333333333,45.34397506713867
44.4,45.24658203125
44.416666666666664,46.4813232421875
44.43333333333333,41.556392669677734
44.45,46.72761535644531
44.46666666666667,41.13499069213867
44.483333333333334,41.51500701904297
44.5,46.19447708129883
44.516666666666666,41.342918395996094
44.53333333333333,39.954463958740234
44.55,48.688934326171875
44.56666666666667,40.62743377685547
44.583333333333336,45.54833984375
44.6,47.16004943847656
44.61666666666667,38.71414566040039
44.63333333333333,43.7370491027832
44.65,45.530296325683594
44.666666666666664,41.420509338378906
44.68333333333333,43.33723831176758
44.7,46.005191802978516
44.71666666666667,43.81395721435547
44.733333333333334,44.85799026489258
44.75,41.84640121459961
44.766666666666666,42.548004150390625
44.78333333333333,41.29990005493164
44.8,45.509647369384766
44.81666666666667,47.27806854248047
44.833333333333336,42.9105339050293
44.85,44.977996826171875
44.86666666666667,47.720611572265625
44.88333333333333,52.61842727661133
44.9,38.89747619628906
44.916666666666664,41.040260314941406
44.93333333333333,40.63238525390625
44.95,47.744361877441406
44.96666666666667,40.12897491455078
44.983333333333334,48.92213439941406
45.0,57.02608871459961
45.016666666666666,41.78993225097656
45.03333333333333,40.65684127807617
45.05,42.51675033569336
45.06666666666667,40.42817687988281
45.083333333333336,45.59206771850586
45.1,39.584625244140625
45.11666666666667,42.383392333984375
45.13333333333333,45.834983825683594
45.15,49.435550689697266
45.166666666666664,49.93992233276367
45.18333333333333,44.03179931640625
45.2,43.23155212402344
45.21666666666667,43.631141662597656
45.233333333333334,41.143524169921875
45.25,43.75078201293945
45.266666666666666,43.761878967285156
45.28333333333333,47.99570083618164
45.3,41.525245666503906
45.31666666666667,37.90194320678711
45.333333333333336,38.62859344482422
45.35,43.676841735839844
45.36666666666667,37.94257354736328
45.38333333333333,45.14187240600586
45.4,44.83320999145508
45.416666666666664,46.23116683959961
45.43333333333333,41.62673568725586
45.45,45.953060150146484
45.46666666666667,40.51877212524414
45.483333333333334,41.10542297363281
45.5,45.85707092285156
45.516666666666666,40.8594856262207
45.53333333333333,39.211875915527344
45.55,48.079673767089844
45.56666666666667,40.327903747558594
45.583333333333336,45.40327835083008
45.6,47.017173767089844
45.61666666666667,38.1611213684082
45.63333333333333,43.09410095214844
45.65,45.30325698852539
45.666666666666664,41.93731689453125
45.68333333333333,43.1522331237793
45.7,45.413211822509766
45.71666666666667,42.66659164428711
45.733333333333334,44.87500762939453
45.75,42.75669860839844
45.766666666666666,42.67860412597656
45.78333333333333,40.715518951416016
45.8,44.06639862060547
45.81666666666667,46.610008239746094
45.833333333333336,43.28413391113281
45.85,45.19023513793945
45.86666666666667,47.23688888549805
45.88333333333333,50.598365783691406
45.9,38.628665924072266
45.916666666666664,41.66057586669922
45.93333333333333,40.44927215576172
45.95,46.42704391479492
45.96666666666667,39.17671203613281
45.983333333333334,49.05379104614258
46.0,57.2361946105957
46.016666666666666,41.605525970458984
46.03333333333333,40.6395263671875
46.05,41.9558219909668
46.06666666666667,39.58805465698242
46.083333333333336,45.28330993652344
46.1,39.721435546875
46.11666666666667,43.39402389526367
46.13333333333333,45.432376861572266
46.15,49.01784133911133
46.166666666666664,49.84248352050781
46.18333333333333,44.291934967041016
46.2,43.39796829223633
46.21666666666667,44.30329513549805
46.233333333333334,41.1626091003418
46.25,43.305442810058594
46.266666666666666,43.69955062866211
46.28333333333333,48.731407165527344
46.3,41.60319137573242
46.31666666666667,37.54315185546875
46.333333333333336,38.45560073852539
46.35,43.67125701904297
46.36666666666667,37.799163818359375
46.38333333333333,45.21405029296875
46.4,44.6712760925293
46.416666666666664,45.94942855834961
46.43333333333333,41.37763214111328
46.45,45.610572814941406
46.46666666666667,40.57634353637695
46.483333333333334,40.95846939086914
46.5,45.50498962402344
46.516666666666666,40.374141693115234
46.53333333333333,39.14509963989258
46.55,48.01985168457031
46.56666666666667,39.79677963256836
46.583333333333336,45.09685516357422
46.6,47.06320571899414
46.61666666666667,38.105812072753906
46.63333333333333,42.667633056640625
46.65,44.9840087890625
46.666666666666664,41.90512466430664
46.68333333333333,43.07080841064453
46.7,45.409759521484375
46.71666666666667,42.101619720458984
46.733333333333334,44.24800109863281
46.75,42.564430236816406
46.766666666666666,42.655113220214844
46.78333333333333,40.90433120727539
46.8,43.137657165527344
46.81666666666667,45.279815673828125
46.833333333333336,42.764991760253906
46.85,45.041526794433594
46.86666666666667,47.39124298095703
46.88333333333333,49.38125228881836
46.9,37.783634185791016
46.916666666666664,41.15546798706055
46.93333333333333,40.37861251831055
46.95,45.93242263793945
46.96666666666667,38.643428802490234
46.983333333333334,49.034523010253906
47.0,56.71742248535156
47.016666666666666,40.82460021972656
47.03333333333333,40.784149169921875
47.05,42.224124908447266
47.06666666666667,39.19802474975586
47.083333333333336,44.44023513793945
47.1,39.60394287109375
47.11666666666667,44.235633850097656
47.13333333333333,45.419334411621094
47.15,48.59815979003906
47.166666666666664,49.60041046142578
47.18333333333333,44.54262161254883
47.2,43.3308219909668
47.21666666666667,44.67631149291992
47.233333333333334,41.70931625366211
47.25,43.23005294799805
47.266666666666666,43.07670593261719
47.28333333333333,48.921783447265625
47.3,42.15570831298828
47.31666666666667,37.42002487182617
47.333333333333336,38.12936019897461
47.35,43.398311614990234
47.36666666666667,37.68346405029297
47.38333333333333,45.24052429199219
47.4,44.57919692993164
47.416666666666664,46.029541015625
47.43333333333333,41.23625183105469
47.45,45.29189682006836
47.46666666666667,40.78821563720703
47.483333333333334,41.41719055175781
47.5,45.237003326416016
47.516666666666666,39.71670913696289
47.53333333333333,39.2569465637207
47.55,48.458251953125
47.56666666666667,39.6644172668457
47.583333333333336,44.75701904296875
47.6,47.40998458862305
47.61666666666667,38.40733337402344
47.63333333333333,42.46931838989258
47.65,44.821048736572266
47.666666666666664,42.16299057006836
47.68333333333333,43.16075134277344
47.7,45.065303802490234
47.71666666666667,42.145633697509766
47.733333333333334,44.516357421875
47.75,42.43832015991211
47.766666666666666,41.905784606933594
47.78333333333333,41.06777572631836
47.8,43.25192642211914
47.81666666666667,44.53239059448242
47.833333333333336,42.120811462402344
47.85,44.66091537475586
47.86666666666667,47.99602508544922
47.88333333333333,49.10765838623047
47.9,37.1769905090332
47.916666666666664,40.57282257080078
47.93333333333333,40.62457275390625
47.95,45.75486755371094
47.96666666666667,38.12177658081055
47.983333333333334,49.608734130859375
48.0,56.82221603393555
48.016666666666666,39.84099197387695
48.03333333333333,40.45796203613281
48.05,43.23583221435547
48.06666666666667,39.9075927734375
48.083333333333336,43.74627685546875
48.1,39.10398483276367
48.11666666666667,44.86672592163086
48.13333333333333,46.048954010009766
48.15,48.17729949951172
48.166666666666664,49.2095832824707
48.18333333333333,45.252357482910156
48.2,43.55712127685547
48.21666666666667,44.31627655029297
48.233333333333334,42.25246047973633
48.25,43.907127380371094
48.266666666666666,42.54443359375
48.28333333333333,48.63094711303711
48.3,42.76171875
48.31666666666667,37.915374755859375
48.333333333333336,37.85765075683594
48.35,43.00929260253906
48.36666666666667,37.67621612548828
48.38333333333333,45.51321792602539
48.4,44.44142532348633
48.416666666666664,46.1063346862793
48.43333333333333,41.59126663208008
48.45,45.055667877197266
48.46666666666667,40.26355743408203
48.483333333333334,42.15489959716797
48.5,45.42580795288086
48.516666666666666,38.968666076660156
48.53333333333333,38.70344161987305
48.55,49.04627227783203
48.56666666666667,40.32560348510742
48.583333333333336,44.040367126464844
48.6,47.11189270019531
48.61666666666667,39.024166107177734
48.63333333333333,42.669551849365234
48.65,44.0720329284668
48.666666666666664,42.275142669677734
48.68333333333333,44.0170783996582
48.7,44.613983154296875
48.71666666666667,41.36861038208008
48.733333333333334,45.346065521240234
48.75,43.230628967285156
48.766666666666666,41.027870178222656
48.78333333333333,40.201786041259766
48.8,43.77662658691406
48.81666666666667,45.340946197509766
48.833333333333336,42.543827056884766
48.85,43.46274948120117
48.86666666666667,48.512176513671875
48.88333333333333,50.2421989440918
48.9,37.020751953125
48.916666666666664,39.406490325927734
48.93333333333333,41.097938537597656
48.95,46.85615158081055
48.96666666666667,37.29655838012695
48.983333333333334,49.1812744140625
49.0,57.870643615722656
49.016666666666666,39.61972427368164
49.03333333333333,39.486358642578125
49.05,43.050899505615234
49.06666666666667,41.276302337646484
49.083333333333336,44.02080535888672
49.1,37.94318389892578
49.11666666666667,44.045692443847656
49.13333333333333,47.426856994628906
49.15,48.49138641357422
49.166666666666664,48.08421325683594
49.18333333333333,44.92341613769531
49.2,44.46364212036133
49.21666666666667,43.984493255615234
49.233333333333334,41.88501739501953
49.25,44.25532913208008
49.266666666666666,43.186214447021484
49.28333333333333,48.64400100708008
49.3,42.170902252197266
49.31666666666667,38.69772720336914
49.333333333333336,38.63970947265625
49.35,42.8437614440918
49.36666666666667,37.1120491027832
49.38333333333333,45.708900451660156
49.4,44.71332931518555
49.416666666666664,45.6488037109375
49.43333333333333,40.94081115722656
49.45,45.17471694946289
49.46666666666667,39.15411376953125
49.483333333333334,41.32877731323242
49.5,45.64829635620117
49.516666666666666,38.7390022277832
49.53333333333333,37.509883880615234
49.55,48.226375579833984
49.56666666666667,40.76707077026367
49.583333333333336,43.935218811035156
49.6,45.53617858886719
49.61666666666667,38.27190017700195
49.63333333333333,43.07953643798828
49.65,43.68497848510742
49.666666666666664,41.314476013183594
49.68333333333333,43.839134216308594
49.7,44.66059112548828
49.71666666666667,39.89630889892578
49.733333333333334,44.63135528564453
49.75,43.655784606933594
49.766666666666666,41.22234344482422
49.78333333333333,39.13847732543945
49.8,42.741214752197266
49.81666666666667,46.11246871948242
49.833333333333336,44.284114837646484
49.85,42.8079833984375
49.86666666666667,47.01447296142578
49.88333333333333,50.68939971923828
49.9,38.16215515136719
49.916666666666664,38.66925811767578
49.93333333333333,39.67621994018555
49.95,47.650001525878906
49.96666666666667,37.282291412353516
49.983333333333334,47.48533630371094
50.0,57.204200744628906
